Name,Category,Indicator,Description
Nest Protocol,Onchain,Trading Volume,NEST protocol (NEST) is a distributed price oracle network that aims to solve the problem of price on-chain through a decentralized incentive scheme.
Nest Protocol,Offchain,Market Sentiment,NEST protocol (NEST) is a distributed price oracle network that aims to solve the problem of price on-chain through a decentralized incentive scheme.
Nest Protocol,Onchain,Token Circulation,NEST protocol (NEST) is a distributed price oracle network that aims to solve the problem of price on-chain through a decentralized incentive scheme.
Nest Protocol,Offchain,Partnerships and Integrations,NEST protocol (NEST) is a distributed price oracle network that aims to solve the problem of price on-chain through a decentralized incentive scheme.
Nest Protocol,Onchain,Token Distribution,NEST protocol (NEST) is a distributed price oracle network that aims to solve the problem of price on-chain through a decentralized incentive scheme.
Nest Protocol,Offchain,Regulatory Developments,NEST protocol (NEST) is a distributed price oracle network that aims to solve the problem of price on-chain through a decentralized incentive scheme.
Nest Protocol,Onchain,Smart Contract Activity,NEST protocol (NEST) is a distributed price oracle network that aims to solve the problem of price on-chain through a decentralized incentive scheme.
Nest Protocol,Offchain,Market Trends,NEST protocol (NEST) is a distributed price oracle network that aims to solve the problem of price on-chain through a decentralized incentive scheme.
Nest Protocol,Onchain,Network Hashrate,NEST protocol (NEST) is a distributed price oracle network that aims to solve the problem of price on-chain through a decentralized incentive scheme.
Nest Protocol,Offchain,Trading Patterns,NEST protocol (NEST) is a distributed price oracle network that aims to solve the problem of price on-chain through a decentralized incentive scheme.
Burger Swap,Onchain,Trading Volume,"BurgerSwap is a cross-chain aggregator that consolidates CEXs, DEXs, and DeFi deals into one platform"
Burger Swap,Offchain,Social Media Sentiment,"BurgerSwap is a cross-chain aggregator that consolidates CEXs, DEXs, and DeFi deals into one platform"
Burger Swap,Onchain,Token Velocity,"BurgerSwap is a cross-chain aggregator that consolidates CEXs, DEXs, and DeFi deals into one platform"
Burger Swap,Offchain,News and Media Coverage,"BurgerSwap is a cross-chain aggregator that consolidates CEXs, DEXs, and DeFi deals into one platform"
Burger Swap,Onchain,Whale Transactions,"BurgerSwap is a cross-chain aggregator that consolidates CEXs, DEXs, and DeFi deals into one platform"
Burger Swap,Offchain,Exchange Listings,"BurgerSwap is a cross-chain aggregator that consolidates CEXs, DEXs, and DeFi deals into one platform"
Burger Swap,Onchain,Token Age Consumed,"BurgerSwap is a cross-chain aggregator that consolidates CEXs, DEXs, and DeFi deals into one platform"
Burger Swap,Offchain,Market Capitalization,"BurgerSwap is a cross-chain aggregator that consolidates CEXs, DEXs, and DeFi deals into one platform"
Burger Swap,Onchain,Network Hashrate,"BurgerSwap is a cross-chain aggregator that consolidates CEXs, DEXs, and DeFi deals into one platform"
Burger Swap,Offchain,Competitor Analysis,"BurgerSwap is a cross-chain aggregator that consolidates CEXs, DEXs, and DeFi deals into one platform"
FTX Token,Onchain,Transaction volume,"FTX Token (FTT) is a native token of FTX Exchange, allowing users to pay fewer fees, receive socialized gains, buy/burn fees, and use as collateral for futures trading. "
FTX Token,Offchain,Trading volume,"FTX Token (FTT) is a native token of FTX Exchange, allowing users to pay fewer fees, receive socialized gains, buy/burn fees, and use as collateral for futures trading. "
FTX Token,Onchain,Wallet activity,"FTX Token (FTT) is a native token of FTX Exchange, allowing users to pay fewer fees, receive socialized gains, buy/burn fees, and use as collateral for futures trading. "
FTX Token,Offchain,Social media sentiment,"FTX Token (FTT) is a native token of FTX Exchange, allowing users to pay fewer fees, receive socialized gains, buy/burn fees, and use as collateral for futures trading. "
FTX Token,Onchain,Token velocity,"FTX Token (FTT) is a native token of FTX Exchange, allowing users to pay fewer fees, receive socialized gains, buy/burn fees, and use as collateral for futures trading. "
FTX Token,Offchain,News and media coverage,"FTX Token (FTT) is a native token of FTX Exchange, allowing users to pay fewer fees, receive socialized gains, buy/burn fees, and use as collateral for futures trading. "
FTX Token,Onchain,Exchange inflows/outflows,"FTX Token (FTT) is a native token of FTX Exchange, allowing users to pay fewer fees, receive socialized gains, buy/burn fees, and use as collateral for futures trading. "
FTX Token,Offchain,Market capitalization,"FTX Token (FTT) is a native token of FTX Exchange, allowing users to pay fewer fees, receive socialized gains, buy/burn fees, and use as collateral for futures trading. "
FTX Token,Onchain,Whale transactions,"FTX Token (FTT) is a native token of FTX Exchange, allowing users to pay fewer fees, receive socialized gains, buy/burn fees, and use as collateral for futures trading. "
FTX Token,Offchain,Trading patterns and technical analysis,"FTX Token (FTT) is a native token of FTX Exchange, allowing users to pay fewer fees, receive socialized gains, buy/burn fees, and use as collateral for futures trading. "
AGI Token,Onchain,Transaction volume,Delysium is using $AGI to create an AI-powered virtual society. The project is building a virtual world where one billion people and 100 billion AI virtual beings can coexist on the blockchain.
AGI Token,Offchain,Market sentiment,Delysium is using $AGI to create an AI-powered virtual society. The project is building a virtual world where one billion people and 100 billion AI virtual beings can coexist on the blockchain.
AGI Token,Onchain,Token velocity,Delysium is using $AGI to create an AI-powered virtual society. The project is building a virtual world where one billion people and 100 billion AI virtual beings can coexist on the blockchain.
AGI Token,Offchain,Regulatory developments,Delysium is using $AGI to create an AI-powered virtual society. The project is building a virtual world where one billion people and 100 billion AI virtual beings can coexist on the blockchain.
AGI Token,Onchain,Token distribution,Delysium is using $AGI to create an AI-powered virtual society. The project is building a virtual world where one billion people and 100 billion AI virtual beings can coexist on the blockchain.
AGI Token,Offchain,Partnerships and collaborations,Delysium is using $AGI to create an AI-powered virtual society. The project is building a virtual world where one billion people and 100 billion AI virtual beings can coexist on the blockchain.
AGI Token,Onchain,Network hash rate,Delysium is using $AGI to create an AI-powered virtual society. The project is building a virtual world where one billion people and 100 billion AI virtual beings can coexist on the blockchain.
AGI Token,Offchain,Market liquidity,Delysium is using $AGI to create an AI-powered virtual society. The project is building a virtual world where one billion people and 100 billion AI virtual beings can coexist on the blockchain.
AGI Token,Onchain,Developer activity,Delysium is using $AGI to create an AI-powered virtual society. The project is building a virtual world where one billion people and 100 billion AI virtual beings can coexist on the blockchain.
AGI Token,Offchain,Overall market trends,Delysium is using $AGI to create an AI-powered virtual society. The project is building a virtual world where one billion people and 100 billion AI virtual beings can coexist on the blockchain.
DREP,Onchain,Trading Volume,DREP is building blockchain-based connectors & toolkits to create an open data ecosystem & enable one-click integration of DApps.
DREP,Offchain,Social Media Sentiment,DREP is building blockchain-based connectors & toolkits to create an open data ecosystem & enable one-click integration of DApps.
DREP,Onchain,Market Depth,DREP is building blockchain-based connectors & toolkits to create an open data ecosystem & enable one-click integration of DApps.
DREP,Offchain,News and Media Coverage,DREP is building blockchain-based connectors & toolkits to create an open data ecosystem & enable one-click integration of DApps.
DREP,Onchain,Token Circulation,DREP is building blockchain-based connectors & toolkits to create an open data ecosystem & enable one-click integration of DApps.
DREP,Offchain,Exchange Listings,DREP is building blockchain-based connectors & toolkits to create an open data ecosystem & enable one-click integration of DApps.
DREP,Onchain,Token Velocity,DREP is building blockchain-based connectors & toolkits to create an open data ecosystem & enable one-click integration of DApps.
DREP,Offchain,Developer Activity,DREP is building blockchain-based connectors & toolkits to create an open data ecosystem & enable one-click integration of DApps.
DREP,Onchain,Network Hashrate,DREP is building blockchain-based connectors & toolkits to create an open data ecosystem & enable one-click integration of DApps.
DREP,Offchain,Market Correlations,DREP is building blockchain-based connectors & toolkits to create an open data ecosystem & enable one-click integration of DApps.
TENET,Onchain,Trading Volume,"TL;DR: TENET is a base token on the Tenet blockchain, allowing users to utilize their staked assets in a native DeFi ecosystem governed by Tenet's validator network."
TENET,Offchain,Market Sentiment,"TL;DR: TENET is a base token on the Tenet blockchain, allowing users to utilize their staked assets in a native DeFi ecosystem governed by Tenet's validator network."
TENET,Onchain,Token Velocity,"TL;DR: TENET is a base token on the Tenet blockchain, allowing users to utilize their staked assets in a native DeFi ecosystem governed by Tenet's validator network."
TENET,Offchain,Regulatory Developments,"TL;DR: TENET is a base token on the Tenet blockchain, allowing users to utilize their staked assets in a native DeFi ecosystem governed by Tenet's validator network."
TENET,Onchain,Network Hashrate,"TL;DR: TENET is a base token on the Tenet blockchain, allowing users to utilize their staked assets in a native DeFi ecosystem governed by Tenet's validator network."
TENET,Offchain,Market Capitalization,"TL;DR: TENET is a base token on the Tenet blockchain, allowing users to utilize their staked assets in a native DeFi ecosystem governed by Tenet's validator network."
TENET,Onchain,Token Age Consumed,"TL;DR: TENET is a base token on the Tenet blockchain, allowing users to utilize their staked assets in a native DeFi ecosystem governed by Tenet's validator network."
TENET,Offchain,Exchange Listings,"TL;DR: TENET is a base token on the Tenet blockchain, allowing users to utilize their staked assets in a native DeFi ecosystem governed by Tenet's validator network."
TENET,Onchain,Whale Transactions,"TL;DR: TENET is a base token on the Tenet blockchain, allowing users to utilize their staked assets in a native DeFi ecosystem governed by Tenet's validator network."
TENET,Offchain,Overall Crypto Market Trends,"TL;DR: TENET is a base token on the Tenet blockchain, allowing users to utilize their staked assets in a native DeFi ecosystem governed by Tenet's validator network."
Energy Web Token,Onchain,Transaction volume,Energy Web Token (EWT) launched in early 2017 to make blockchain's promise in the energy sector a reality.
Energy Web Token,Offchain,Market sentiment,Energy Web Token (EWT) launched in early 2017 to make blockchain's promise in the energy sector a reality.
Energy Web Token,Onchain,Token velocity,Energy Web Token (EWT) launched in early 2017 to make blockchain's promise in the energy sector a reality.
Energy Web Token,Offchain,Regulatory developments,Energy Web Token (EWT) launched in early 2017 to make blockchain's promise in the energy sector a reality.
Energy Web Token,Onchain,Token distribution,Energy Web Token (EWT) launched in early 2017 to make blockchain's promise in the energy sector a reality.
Energy Web Token,Offchain,Energy sector trends,Energy Web Token (EWT) launched in early 2017 to make blockchain's promise in the energy sector a reality.
Energy Web Token,Onchain,Network hash rate,Energy Web Token (EWT) launched in early 2017 to make blockchain's promise in the energy sector a reality.
Energy Web Token,Offchain,Partnerships and collaborations,Energy Web Token (EWT) launched in early 2017 to make blockchain's promise in the energy sector a reality.
Energy Web Token,Onchain,Developer activity,Energy Web Token (EWT) launched in early 2017 to make blockchain's promise in the energy sector a reality.
Energy Web Token,Offchain,Trading volume and liquidity,Energy Web Token (EWT) launched in early 2017 to make blockchain's promise in the energy sector a reality.
Hifi Finance,Onchain,Trading volume,The project is a collection of exciting new projects and partnerships that build upon and integrate into Hifi's lending protocol.
Hifi Finance,Offchain,Market sentiment,The project is a collection of exciting new projects and partnerships that build upon and integrate into Hifi's lending protocol.
Hifi Finance,Onchain,Token velocity,The project is a collection of exciting new projects and partnerships that build upon and integrate into Hifi's lending protocol.
Hifi Finance,Offchain,Partnership announcements,The project is a collection of exciting new projects and partnerships that build upon and integrate into Hifi's lending protocol.
Hifi Finance,Onchain,Network activity,The project is a collection of exciting new projects and partnerships that build upon and integrate into Hifi's lending protocol.
Hifi Finance,Offchain,Regulatory developments,The project is a collection of exciting new projects and partnerships that build upon and integrate into Hifi's lending protocol.
Hifi Finance,Onchain,Token distribution,The project is a collection of exciting new projects and partnerships that build upon and integrate into Hifi's lending protocol.
Hifi Finance,Offchain,Market trends,The project is a collection of exciting new projects and partnerships that build upon and integrate into Hifi's lending protocol.
Hifi Finance,Onchain,Smart contract activity,The project is a collection of exciting new projects and partnerships that build upon and integrate into Hifi's lending protocol.
Hifi Finance,Offchain,Competitor analysis,The project is a collection of exciting new projects and partnerships that build upon and integrate into Hifi's lending protocol.
Crypton,Onchain,Transaction Volume,"Crypton is a decentralized, untraceable, and irreversible cryptocurrency with 100% privacy, rewards users for supporting the ecosystem."
Crypton,Offchain,Social Media Sentiment,"Crypton is a decentralized, untraceable, and irreversible cryptocurrency with 100% privacy, rewards users for supporting the ecosystem."
Crypton,Onchain,Wallet Growth,"Crypton is a decentralized, untraceable, and irreversible cryptocurrency with 100% privacy, rewards users for supporting the ecosystem."
Crypton,Offchain,Trading Volume on Exchanges,"Crypton is a decentralized, untraceable, and irreversible cryptocurrency with 100% privacy, rewards users for supporting the ecosystem."
Crypton,Onchain,Exchange Inflow/Outflow,"Crypton is a decentralized, untraceable, and irreversible cryptocurrency with 100% privacy, rewards users for supporting the ecosystem."
Crypton,Offchain,Regulatory Developments,"Crypton is a decentralized, untraceable, and irreversible cryptocurrency with 100% privacy, rewards users for supporting the ecosystem."
Crypton,Onchain,Miner Revenue,"Crypton is a decentralized, untraceable, and irreversible cryptocurrency with 100% privacy, rewards users for supporting the ecosystem."
Crypton,Offchain,Market Capitalization,"Crypton is a decentralized, untraceable, and irreversible cryptocurrency with 100% privacy, rewards users for supporting the ecosystem."
Crypton,Onchain,Token Velocity,"Crypton is a decentralized, untraceable, and irreversible cryptocurrency with 100% privacy, rewards users for supporting the ecosystem."
Crypton,Offchain,Industry Partnerships,"Crypton is a decentralized, untraceable, and irreversible cryptocurrency with 100% privacy, rewards users for supporting the ecosystem."
Bonfida,Onchain,Trading Volume,"Bonfida bridges the gap between Serum, Solana, and users, with its product suite and API seeing development of solicitations."
Bonfida,Offchain,Social Media Sentiment,"Bonfida bridges the gap between Serum, Solana, and users, with its product suite and API seeing development of solicitations."
Bonfida,Onchain,Network Hashrate,"Bonfida bridges the gap between Serum, Solana, and users, with its product suite and API seeing development of solicitations."
Bonfida,Offchain,News and Media Coverage,"Bonfida bridges the gap between Serum, Solana, and users, with its product suite and API seeing development of solicitations."
Bonfida,Onchain,Token Circulation,"Bonfida bridges the gap between Serum, Solana, and users, with its product suite and API seeing development of solicitations."
Bonfida,Offchain,Exchange Listings,"Bonfida bridges the gap between Serum, Solana, and users, with its product suite and API seeing development of solicitations."
Bonfida,Onchain,Whale Transactions,"Bonfida bridges the gap between Serum, Solana, and users, with its product suite and API seeing development of solicitations."
Bonfida,Offchain,Market Capitalization,"Bonfida bridges the gap between Serum, Solana, and users, with its product suite and API seeing development of solicitations."
Bonfida,Onchain,Token Age Consumed,"Bonfida bridges the gap between Serum, Solana, and users, with its product suite and API seeing development of solicitations."
Bonfida,Offchain,Trading Patterns,"Bonfida bridges the gap between Serum, Solana, and users, with its product suite and API seeing development of solicitations."
Polkastarter,Onchain,Trading Volume,"Polkastarter is a Protocol built for cross-chain token pools and auctions, enabling projects to raise capital on a decentralized and interoperable environment based on Polkadot. "
Polkastarter,Offchain,Social Media Sentiment,"Polkastarter is a Protocol built for cross-chain token pools and auctions, enabling projects to raise capital on a decentralized and interoperable environment based on Polkadot. "
Polkastarter,Onchain,Token Velocity,"Polkastarter is a Protocol built for cross-chain token pools and auctions, enabling projects to raise capital on a decentralized and interoperable environment based on Polkadot. "
Polkastarter,Offchain,News and Media Coverage,"Polkastarter is a Protocol built for cross-chain token pools and auctions, enabling projects to raise capital on a decentralized and interoperable environment based on Polkadot. "
Polkastarter,Onchain,Whale Transactions,"Polkastarter is a Protocol built for cross-chain token pools and auctions, enabling projects to raise capital on a decentralized and interoperable environment based on Polkadot. "
Polkastarter,Offchain,Market Capitalization,"Polkastarter is a Protocol built for cross-chain token pools and auctions, enabling projects to raise capital on a decentralized and interoperable environment based on Polkadot. "
Polkastarter,Onchain,Token Age Consumed,"Polkastarter is a Protocol built for cross-chain token pools and auctions, enabling projects to raise capital on a decentralized and interoperable environment based on Polkadot. "
Polkastarter,Offchain,Exchange Listings,"Polkastarter is a Protocol built for cross-chain token pools and auctions, enabling projects to raise capital on a decentralized and interoperable environment based on Polkadot. "
Polkastarter,Onchain,Network Hashrate,"Polkastarter is a Protocol built for cross-chain token pools and auctions, enabling projects to raise capital on a decentralized and interoperable environment based on Polkadot. "
Polkastarter,Offchain,Partnership Announcements,"Polkastarter is a Protocol built for cross-chain token pools and auctions, enabling projects to raise capital on a decentralized and interoperable environment based on Polkadot. "
Akropolis,Onchain,Transaction Volume,"Akropolis (AKRO) provides tools to save, grow and provision for the future without relying on intermediaries."
Akropolis,Offchain,Market Sentiment,"Akropolis (AKRO) provides tools to save, grow and provision for the future without relying on intermediaries."
Akropolis,Onchain,Token Velocity,"Akropolis (AKRO) provides tools to save, grow and provision for the future without relying on intermediaries."
Akropolis,Offchain,Exchange Listings,"Akropolis (AKRO) provides tools to save, grow and provision for the future without relying on intermediaries."
Akropolis,Onchain,Token Distribution,"Akropolis (AKRO) provides tools to save, grow and provision for the future without relying on intermediaries."
Akropolis,Offchain,Regulatory Developments,"Akropolis (AKRO) provides tools to save, grow and provision for the future without relying on intermediaries."
Akropolis,Onchain,Network Hashrate,"Akropolis (AKRO) provides tools to save, grow and provision for the future without relying on intermediaries."
Akropolis,Offchain,Partnerships and Integrations,"Akropolis (AKRO) provides tools to save, grow and provision for the future without relying on intermediaries."
Akropolis,Onchain,Developer Activity,"Akropolis (AKRO) provides tools to save, grow and provision for the future without relying on intermediaries."
Akropolis,Offchain,Market Capitalization,"Akropolis (AKRO) provides tools to save, grow and provision for the future without relying on intermediaries."
Verge,Onchain,Transaction Volume,Verge is a cryptocurrency for everyday use and with a special focus on privacy. The network ensures transactions to be made anonymously and in a decentralized fashion.
Verge,Offchain,Social Media Sentiment,Verge is a cryptocurrency for everyday use and with a special focus on privacy. The network ensures transactions to be made anonymously and in a decentralized fashion.
Verge,Onchain,Wallet Growth,Verge is a cryptocurrency for everyday use and with a special focus on privacy. The network ensures transactions to be made anonymously and in a decentralized fashion.
Verge,Offchain,News and Media Coverage,Verge is a cryptocurrency for everyday use and with a special focus on privacy. The network ensures transactions to be made anonymously and in a decentralized fashion.
Verge,Onchain,Exchange Inflows/Outflows,Verge is a cryptocurrency for everyday use and with a special focus on privacy. The network ensures transactions to be made anonymously and in a decentralized fashion.
Verge,Offchain,Market Capitalization,Verge is a cryptocurrency for everyday use and with a special focus on privacy. The network ensures transactions to be made anonymously and in a decentralized fashion.
Verge,Onchain,Network Hashrate,Verge is a cryptocurrency for everyday use and with a special focus on privacy. The network ensures transactions to be made anonymously and in a decentralized fashion.
Verge,Offchain,Trading Volume,Verge is a cryptocurrency for everyday use and with a special focus on privacy. The network ensures transactions to be made anonymously and in a decentralized fashion.
Verge,Onchain,Token Age Consumed,Verge is a cryptocurrency for everyday use and with a special focus on privacy. The network ensures transactions to be made anonymously and in a decentralized fashion.
Verge,Offchain,Technical Analysis,Verge is a cryptocurrency for everyday use and with a special focus on privacy. The network ensures transactions to be made anonymously and in a decentralized fashion.
Turbo,Onchain,Transaction volume,TURBO is a cryptocurrency that is community-driven and has been created with the goal of becoming the next meme coin. 
Turbo,Offchain,Social media sentiment,TURBO is a cryptocurrency that is community-driven and has been created with the goal of becoming the next meme coin. 
Turbo,Onchain,Wallet growth,TURBO is a cryptocurrency that is community-driven and has been created with the goal of becoming the next meme coin. 
Turbo,Offchain,Trading volume on exchanges,TURBO is a cryptocurrency that is community-driven and has been created with the goal of becoming the next meme coin. 
Turbo,Onchain,Token distribution,TURBO is a cryptocurrency that is community-driven and has been created with the goal of becoming the next meme coin. 
Turbo,Offchain,Market capitalization,TURBO is a cryptocurrency that is community-driven and has been created with the goal of becoming the next meme coin. 
Turbo,Onchain,Network hash rate,TURBO is a cryptocurrency that is community-driven and has been created with the goal of becoming the next meme coin. 
Turbo,Offchain,News and media coverage,TURBO is a cryptocurrency that is community-driven and has been created with the goal of becoming the next meme coin. 
Turbo,Onchain,Exchange inflows and outflows,TURBO is a cryptocurrency that is community-driven and has been created with the goal of becoming the next meme coin. 
Turbo,Offchain,Developer activity,TURBO is a cryptocurrency that is community-driven and has been created with the goal of becoming the next meme coin. 
DEAPCoin,Onchain,Transaction volume, DEAPCoin is a digital asset that combines blockchain technology to create a new economy and culture for entertainment
DEAPCoin,Offchain,Social media sentiment, DEAPCoin is a digital asset that combines blockchain technology to create a new economy and culture for entertainment
DEAPCoin,Onchain,Wallet activity, DEAPCoin is a digital asset that combines blockchain technology to create a new economy and culture for entertainment
DEAPCoin,Offchain,Exchange listings, DEAPCoin is a digital asset that combines blockchain technology to create a new economy and culture for entertainment
DEAPCoin,Onchain,Token velocity, DEAPCoin is a digital asset that combines blockchain technology to create a new economy and culture for entertainment
DEAPCoin,Offchain,Partnerships and collaborations, DEAPCoin is a digital asset that combines blockchain technology to create a new economy and culture for entertainment
DEAPCoin,Onchain,Network hash rate, DEAPCoin is a digital asset that combines blockchain technology to create a new economy and culture for entertainment
DEAPCoin,Offchain,Market capitalization, DEAPCoin is a digital asset that combines blockchain technology to create a new economy and culture for entertainment
DEAPCoin,Onchain,Token distribution, DEAPCoin is a digital asset that combines blockchain technology to create a new economy and culture for entertainment
DEAPCoin,Offchain,Regulatory developments, DEAPCoin is a digital asset that combines blockchain technology to create a new economy and culture for entertainment
Flamingo,Onchain,Transaction Volume,Flamingo is a decentralized finance platform in view of the Neo blockchain and the Poly Network interoperability protocol. It joins a few DeFi applications into a solitary environment.
Flamingo,Offchain,Social Media Sentiment,Flamingo is a decentralized finance platform in view of the Neo blockchain and the Poly Network interoperability protocol. It joins a few DeFi applications into a solitary environment.
Flamingo,Onchain,Token Velocity,Flamingo is a decentralized finance platform in view of the Neo blockchain and the Poly Network interoperability protocol. It joins a few DeFi applications into a solitary environment.
Flamingo,Offchain,Exchange Trading Volume,Flamingo is a decentralized finance platform in view of the Neo blockchain and the Poly Network interoperability protocol. It joins a few DeFi applications into a solitary environment.
Flamingo,Onchain,Token Age Consumed,Flamingo is a decentralized finance platform in view of the Neo blockchain and the Poly Network interoperability protocol. It joins a few DeFi applications into a solitary environment.
Flamingo,Offchain,Market Capitalization,Flamingo is a decentralized finance platform in view of the Neo blockchain and the Poly Network interoperability protocol. It joins a few DeFi applications into a solitary environment.
Flamingo,Onchain,Whale Accumulation/Distribution,Flamingo is a decentralized finance platform in view of the Neo blockchain and the Poly Network interoperability protocol. It joins a few DeFi applications into a solitary environment.
Flamingo,Offchain,News and Announcements,Flamingo is a decentralized finance platform in view of the Neo blockchain and the Poly Network interoperability protocol. It joins a few DeFi applications into a solitary environment.
Flamingo,Onchain,Network Hashrate,Flamingo is a decentralized finance platform in view of the Neo blockchain and the Poly Network interoperability protocol. It joins a few DeFi applications into a solitary environment.
Flamingo,Offchain,Technical Analysis,Flamingo is a decentralized finance platform in view of the Neo blockchain and the Poly Network interoperability protocol. It joins a few DeFi applications into a solitary environment.
Firo,Onchain,Transaction Volume,Firo (FIRO) is an open-source privacy-focused cryptocurrency token that enables private transactions with no transaction histories.
Firo,Offchain,Social Media Sentiment,Firo (FIRO) is an open-source privacy-focused cryptocurrency token that enables private transactions with no transaction histories.
Firo,Onchain,Wallet Growth,Firo (FIRO) is an open-source privacy-focused cryptocurrency token that enables private transactions with no transaction histories.
Firo,Offchain,Trading Volume on Exchanges,Firo (FIRO) is an open-source privacy-focused cryptocurrency token that enables private transactions with no transaction histories.
Firo,Onchain,Exchange Inflow/Outflow,Firo (FIRO) is an open-source privacy-focused cryptocurrency token that enables private transactions with no transaction histories.
Firo,Offchain,Regulatory Developments,Firo (FIRO) is an open-source privacy-focused cryptocurrency token that enables private transactions with no transaction histories.
Firo,Onchain,Miner Accumulation,Firo (FIRO) is an open-source privacy-focused cryptocurrency token that enables private transactions with no transaction histories.
Firo,Offchain,Market Capitalization,Firo (FIRO) is an open-source privacy-focused cryptocurrency token that enables private transactions with no transaction histories.
Firo,Onchain,Token Velocity,Firo (FIRO) is an open-source privacy-focused cryptocurrency token that enables private transactions with no transaction histories.
Firo,Offchain,Developer Activity,Firo (FIRO) is an open-source privacy-focused cryptocurrency token that enables private transactions with no transaction histories.
Everipedia,Onchain,Transaction Volume,"Everipedia uses blockchain technology to create a world where all knowledge is available to everyone, with modern design, rewards for contributing, more articles, and democratic governance."
Everipedia,Offchain,Social Media Sentiment,"Everipedia uses blockchain technology to create a world where all knowledge is available to everyone, with modern design, rewards for contributing, more articles, and democratic governance."
Everipedia,Onchain,Wallet Distribution,"Everipedia uses blockchain technology to create a world where all knowledge is available to everyone, with modern design, rewards for contributing, more articles, and democratic governance."
Everipedia,Offchain,News and Media Coverage,"Everipedia uses blockchain technology to create a world where all knowledge is available to everyone, with modern design, rewards for contributing, more articles, and democratic governance."
Everipedia,Onchain,Network Hashrate,"Everipedia uses blockchain technology to create a world where all knowledge is available to everyone, with modern design, rewards for contributing, more articles, and democratic governance."
Everipedia,Offchain,Market Capitalization,"Everipedia uses blockchain technology to create a world where all knowledge is available to everyone, with modern design, rewards for contributing, more articles, and democratic governance."
Everipedia,Onchain,Token Velocity,"Everipedia uses blockchain technology to create a world where all knowledge is available to everyone, with modern design, rewards for contributing, more articles, and democratic governance."
Everipedia,Offchain,Trading Volume,"Everipedia uses blockchain technology to create a world where all knowledge is available to everyone, with modern design, rewards for contributing, more articles, and democratic governance."
Everipedia,Onchain,Exchange Inflow/Outflow,"Everipedia uses blockchain technology to create a world where all knowledge is available to everyone, with modern design, rewards for contributing, more articles, and democratic governance."
Everipedia,Offchain,Technical Analysis,"Everipedia uses blockchain technology to create a world where all knowledge is available to everyone, with modern design, rewards for contributing, more articles, and democratic governance."
Dawn Protocol,Onchain,Trading volume," Play, stake, bet, and earn rewards by winning at AAA titles on the FirstBlood Platform to bridge the gap between gamers and decentralized payments."
Dawn Protocol,Offchain,Social media sentiment," Play, stake, bet, and earn rewards by winning at AAA titles on the FirstBlood Platform to bridge the gap between gamers and decentralized payments."
Dawn Protocol,Onchain,Network hash rate," Play, stake, bet, and earn rewards by winning at AAA titles on the FirstBlood Platform to bridge the gap between gamers and decentralized payments."
Dawn Protocol,Offchain,News sentiment," Play, stake, bet, and earn rewards by winning at AAA titles on the FirstBlood Platform to bridge the gap between gamers and decentralized payments."
Dawn Protocol,Onchain,Whale transactions," Play, stake, bet, and earn rewards by winning at AAA titles on the FirstBlood Platform to bridge the gap between gamers and decentralized payments."
Dawn Protocol,Offchain,Market capitalization," Play, stake, bet, and earn rewards by winning at AAA titles on the FirstBlood Platform to bridge the gap between gamers and decentralized payments."
Dawn Protocol,Onchain,Token velocity," Play, stake, bet, and earn rewards by winning at AAA titles on the FirstBlood Platform to bridge the gap between gamers and decentralized payments."
Dawn Protocol,Offchain,Regulatory developments," Play, stake, bet, and earn rewards by winning at AAA titles on the FirstBlood Platform to bridge the gap between gamers and decentralized payments."
Dawn Protocol,Onchain,Exchange inflows/outflows," Play, stake, bet, and earn rewards by winning at AAA titles on the FirstBlood Platform to bridge the gap between gamers and decentralized payments."
Dawn Protocol,Offchain,Adoption and partnerships," Play, stake, bet, and earn rewards by winning at AAA titles on the FirstBlood Platform to bridge the gap between gamers and decentralized payments."
Refereum,Onchain,Transaction Volume,Refereum is a gaming rewards platform that rewards gamers for engaging with their favorite games and streamers with RFR tokens.
Refereum,Offchain,Gaming Partnerships,Refereum is a gaming rewards platform that rewards gamers for engaging with their favorite games and streamers with RFR tokens.
Refereum,Onchain,Wallet Growth,Refereum is a gaming rewards platform that rewards gamers for engaging with their favorite games and streamers with RFR tokens.
Refereum,Offchain,User Engagement Metrics,Refereum is a gaming rewards platform that rewards gamers for engaging with their favorite games and streamers with RFR tokens.
Refereum,Onchain,Token Circulation,Refereum is a gaming rewards platform that rewards gamers for engaging with their favorite games and streamers with RFR tokens.
Refereum,Offchain,Social Media Sentiment,Refereum is a gaming rewards platform that rewards gamers for engaging with their favorite games and streamers with RFR tokens.
Refereum,Onchain,Token Age Consumed,Refereum is a gaming rewards platform that rewards gamers for engaging with their favorite games and streamers with RFR tokens.
Refereum,Offchain,Gaming Industry Trends,Refereum is a gaming rewards platform that rewards gamers for engaging with their favorite games and streamers with RFR tokens.
Refereum,Onchain,Network Hashrate,Refereum is a gaming rewards platform that rewards gamers for engaging with their favorite games and streamers with RFR tokens.
Refereum,Offchain,Market Capitalization,Refereum is a gaming rewards platform that rewards gamers for engaging with their favorite games and streamers with RFR tokens.
Ispolink,Onchain,Trading Volume,"Ispolink is a Metaverse-based cross-chain platform for developers, leveraging BSC and AI to bridge Blockchain, Metaverse, DeFi, and Gaming."
Ispolink,Offchain,Social Media Sentiment,"Ispolink is a Metaverse-based cross-chain platform for developers, leveraging BSC and AI to bridge Blockchain, Metaverse, DeFi, and Gaming."
Ispolink,Onchain,Token Circulation,"Ispolink is a Metaverse-based cross-chain platform for developers, leveraging BSC and AI to bridge Blockchain, Metaverse, DeFi, and Gaming."
Ispolink,Offchain,News and Media Coverage,"Ispolink is a Metaverse-based cross-chain platform for developers, leveraging BSC and AI to bridge Blockchain, Metaverse, DeFi, and Gaming."
Ispolink,Onchain,Whale Transactions,"Ispolink is a Metaverse-based cross-chain platform for developers, leveraging BSC and AI to bridge Blockchain, Metaverse, DeFi, and Gaming."
Ispolink,Offchain,Developer Activity,"Ispolink is a Metaverse-based cross-chain platform for developers, leveraging BSC and AI to bridge Blockchain, Metaverse, DeFi, and Gaming."
Ispolink,Onchain,Token Age Consumed,"Ispolink is a Metaverse-based cross-chain platform for developers, leveraging BSC and AI to bridge Blockchain, Metaverse, DeFi, and Gaming."
Ispolink,Offchain,Market Sentiment Index,"Ispolink is a Metaverse-based cross-chain platform for developers, leveraging BSC and AI to bridge Blockchain, Metaverse, DeFi, and Gaming."
Ispolink,Onchain,Token Velocity,"Ispolink is a Metaverse-based cross-chain platform for developers, leveraging BSC and AI to bridge Blockchain, Metaverse, DeFi, and Gaming."
Ispolink,Offchain,Exchange Listings,"Ispolink is a Metaverse-based cross-chain platform for developers, leveraging BSC and AI to bridge Blockchain, Metaverse, DeFi, and Gaming."
BeNFT AI,Onchain,Transaction volume,"BeNFT combines blockchain and AI avatars for an immersive e-learning experience, aiming to shape the future of education."
BeNFT AI,Offchain,Social media sentiment,"BeNFT combines blockchain and AI avatars for an immersive e-learning experience, aiming to shape the future of education."
BeNFT AI,Onchain,Wallet activity,"BeNFT combines blockchain and AI avatars for an immersive e-learning experience, aiming to shape the future of education."
BeNFT AI,Offchain,News and media coverage,"BeNFT combines blockchain and AI avatars for an immersive e-learning experience, aiming to shape the future of education."
BeNFT AI,Onchain,Token circulation,"BeNFT combines blockchain and AI avatars for an immersive e-learning experience, aiming to shape the future of education."
BeNFT AI,Offchain,Market capitalization,"BeNFT combines blockchain and AI avatars for an immersive e-learning experience, aiming to shape the future of education."
BeNFT AI,Onchain,Token distribution,"BeNFT combines blockchain and AI avatars for an immersive e-learning experience, aiming to shape the future of education."
BeNFT AI,Offchain,Trading volume on exchanges,"BeNFT combines blockchain and AI avatars for an immersive e-learning experience, aiming to shape the future of education."
BeNFT AI,Onchain,Network hash rate,"BeNFT combines blockchain and AI avatars for an immersive e-learning experience, aiming to shape the future of education."
BeNFT AI,Offchain,Competitor analysis,"BeNFT combines blockchain and AI avatars for an immersive e-learning experience, aiming to shape the future of education."
Sperax,Onchain,Transaction Volume,"Sperax USD (USDs) bridges the gap for crypto users, offering a stablecoin with natural yield and capital-efficiency."
Sperax,Offchain,Market Sentiment,"Sperax USD (USDs) bridges the gap for crypto users, offering a stablecoin with natural yield and capital-efficiency."
Sperax,Onchain,Token Velocity,"Sperax USD (USDs) bridges the gap for crypto users, offering a stablecoin with natural yield and capital-efficiency."
Sperax,Offchain,Trading Volume on Exchanges,"Sperax USD (USDs) bridges the gap for crypto users, offering a stablecoin with natural yield and capital-efficiency."
Sperax,Onchain,Network Hashrate,"Sperax USD (USDs) bridges the gap for crypto users, offering a stablecoin with natural yield and capital-efficiency."
Sperax,Offchain,Regulatory Developments,"Sperax USD (USDs) bridges the gap for crypto users, offering a stablecoin with natural yield and capital-efficiency."
Sperax,Onchain,Token Distribution,"Sperax USD (USDs) bridges the gap for crypto users, offering a stablecoin with natural yield and capital-efficiency."
Sperax,Offchain,Market Capitalization,"Sperax USD (USDs) bridges the gap for crypto users, offering a stablecoin with natural yield and capital-efficiency."
Sperax,Onchain,Developer Activity,"Sperax USD (USDs) bridges the gap for crypto users, offering a stablecoin with natural yield and capital-efficiency."
Sperax,Offchain,Competitor Analysis,"Sperax USD (USDs) bridges the gap for crypto users, offering a stablecoin with natural yield and capital-efficiency."
XEN Crypto,Onchain,Transaction Volume,"XEN is an ERC-20 token built on Ethereum, based on decentralization, self-custody, transparency, and trust through consensus. "
XEN Crypto,Offchain,Social Media Sentiment,"XEN is an ERC-20 token built on Ethereum, based on decentralization, self-custody, transparency, and trust through consensus. "
XEN Crypto,Onchain,Token Velocity,"XEN is an ERC-20 token built on Ethereum, based on decentralization, self-custody, transparency, and trust through consensus. "
XEN Crypto,Offchain,Trading Volume on Exchanges,"XEN is an ERC-20 token built on Ethereum, based on decentralization, self-custody, transparency, and trust through consensus. "
XEN Crypto,Onchain,Active Addresses,"XEN is an ERC-20 token built on Ethereum, based on decentralization, self-custody, transparency, and trust through consensus. "
XEN Crypto,Offchain,Market Capitalization,"XEN is an ERC-20 token built on Ethereum, based on decentralization, self-custody, transparency, and trust through consensus. "
XEN Crypto,Onchain,Whale Accumulation,"XEN is an ERC-20 token built on Ethereum, based on decentralization, self-custody, transparency, and trust through consensus. "
XEN Crypto,Offchain,Regulatory Developments,"XEN is an ERC-20 token built on Ethereum, based on decentralization, self-custody, transparency, and trust through consensus. "
XEN Crypto,Onchain,Token Burn Rate,"XEN is an ERC-20 token built on Ethereum, based on decentralization, self-custody, transparency, and trust through consensus. "
XEN Crypto,Offchain,Partnerships and Integrations,"XEN is an ERC-20 token built on Ethereum, based on decentralization, self-custody, transparency, and trust through consensus. "
Crust Network,Onchain,Transaction volume,"Crust Network provides decentralized storage and cloud solutions for Web 3.0 and Web 2.0, based on Polkadot's Substrate and IPFS, with blockchain-enhanced security, performance, and accountability. "
Crust Network,Offchain,Market sentiment,"Crust Network provides decentralized storage and cloud solutions for Web 3.0 and Web 2.0, based on Polkadot's Substrate and IPFS, with blockchain-enhanced security, performance, and accountability. "
Crust Network,Onchain,Wallet growth,"Crust Network provides decentralized storage and cloud solutions for Web 3.0 and Web 2.0, based on Polkadot's Substrate and IPFS, with blockchain-enhanced security, performance, and accountability. "
Crust Network,Offchain,Partnership announcements,"Crust Network provides decentralized storage and cloud solutions for Web 3.0 and Web 2.0, based on Polkadot's Substrate and IPFS, with blockchain-enhanced security, performance, and accountability. "
Crust Network,Onchain,Token circulation,"Crust Network provides decentralized storage and cloud solutions for Web 3.0 and Web 2.0, based on Polkadot's Substrate and IPFS, with blockchain-enhanced security, performance, and accountability. "
Crust Network,Offchain,Competitor analysis,"Crust Network provides decentralized storage and cloud solutions for Web 3.0 and Web 2.0, based on Polkadot's Substrate and IPFS, with blockchain-enhanced security, performance, and accountability. "
Crust Network,Onchain,Staking participation,"Crust Network provides decentralized storage and cloud solutions for Web 3.0 and Web 2.0, based on Polkadot's Substrate and IPFS, with blockchain-enhanced security, performance, and accountability. "
Crust Network,Offchain,Regulatory developments,"Crust Network provides decentralized storage and cloud solutions for Web 3.0 and Web 2.0, based on Polkadot's Substrate and IPFS, with blockchain-enhanced security, performance, and accountability. "
Crust Network,Onchain,Developer activity,"Crust Network provides decentralized storage and cloud solutions for Web 3.0 and Web 2.0, based on Polkadot's Substrate and IPFS, with blockchain-enhanced security, performance, and accountability. "
Crust Network,Offchain,Overall market trends,"Crust Network provides decentralized storage and cloud solutions for Web 3.0 and Web 2.0, based on Polkadot's Substrate and IPFS, with blockchain-enhanced security, performance, and accountability. "
Machine Xchange Coin,Onchain,Transaction volume,"MXC is a utility token used to facilitate device transactions on the MXC Supernode network, allowing users to share in profits through staking."
Machine Xchange Coin,Offchain,Social media sentiment,"MXC is a utility token used to facilitate device transactions on the MXC Supernode network, allowing users to share in profits through staking."
Machine Xchange Coin,Onchain,Wallet activity,"MXC is a utility token used to facilitate device transactions on the MXC Supernode network, allowing users to share in profits through staking."
Machine Xchange Coin,Offchain,News and media coverage,"MXC is a utility token used to facilitate device transactions on the MXC Supernode network, allowing users to share in profits through staking."
Machine Xchange Coin,Onchain,Exchange inflows and outflows,"MXC is a utility token used to facilitate device transactions on the MXC Supernode network, allowing users to share in profits through staking."
Machine Xchange Coin,Offchain,Market capitalization,"MXC is a utility token used to facilitate device transactions on the MXC Supernode network, allowing users to share in profits through staking."
Machine Xchange Coin,Onchain,Token velocity,"MXC is a utility token used to facilitate device transactions on the MXC Supernode network, allowing users to share in profits through staking."
Machine Xchange Coin,Offchain,Trading volume,"MXC is a utility token used to facilitate device transactions on the MXC Supernode network, allowing users to share in profits through staking."
Machine Xchange Coin,Onchain,Network hash rate,"MXC is a utility token used to facilitate device transactions on the MXC Supernode network, allowing users to share in profits through staking."
Machine Xchange Coin,Offchain,Regulatory developments,"MXC is a utility token used to facilitate device transactions on the MXC Supernode network, allowing users to share in profits through staking."
Ooki Protocol,Onchain,Transaction Volume,"Ooki Protocol is a decentralized finance protocol that enables lenders, borrowers, and brokers to interact on different blockchains."
Ooki Protocol,Offchain,Market Sentiment,"Ooki Protocol is a decentralized finance protocol that enables lenders, borrowers, and brokers to interact on different blockchains."
Ooki Protocol,Onchain,Token Velocity,"Ooki Protocol is a decentralized finance protocol that enables lenders, borrowers, and brokers to interact on different blockchains."
Ooki Protocol,Offchain,Trading Volume on Exchanges,"Ooki Protocol is a decentralized finance protocol that enables lenders, borrowers, and brokers to interact on different blockchains."
Ooki Protocol,Onchain,Token Distribution,"Ooki Protocol is a decentralized finance protocol that enables lenders, borrowers, and brokers to interact on different blockchains."
Ooki Protocol,Offchain,Regulatory Developments,"Ooki Protocol is a decentralized finance protocol that enables lenders, borrowers, and brokers to interact on different blockchains."
Ooki Protocol,Onchain,Active Addresses,"Ooki Protocol is a decentralized finance protocol that enables lenders, borrowers, and brokers to interact on different blockchains."
Ooki Protocol,Offchain,Partnerships and Integrations,"Ooki Protocol is a decentralized finance protocol that enables lenders, borrowers, and brokers to interact on different blockchains."
Ooki Protocol,Onchain,Smart Contract Activity,"Ooki Protocol is a decentralized finance protocol that enables lenders, borrowers, and brokers to interact on different blockchains."
Ooki Protocol,Offchain,Market Capitalization,"Ooki Protocol is a decentralized finance protocol that enables lenders, borrowers, and brokers to interact on different blockchains."
e-RADIX,Onchain,Transaction Volume,e-RADIX is an ERC20 token to promote decentralisation & integration into the DeFi ecosystem. 
e-RADIX,Offchain,Market Sentiment,e-RADIX is an ERC20 token to promote decentralisation & integration into the DeFi ecosystem. 
e-RADIX,Onchain,Token Velocity,e-RADIX is an ERC20 token to promote decentralisation & integration into the DeFi ecosystem. 
e-RADIX,Offchain,Trading Volume on Exchanges,e-RADIX is an ERC20 token to promote decentralisation & integration into the DeFi ecosystem. 
e-RADIX,Onchain,Token Distribution,e-RADIX is an ERC20 token to promote decentralisation & integration into the DeFi ecosystem. 
e-RADIX,Offchain,Regulatory Developments,e-RADIX is an ERC20 token to promote decentralisation & integration into the DeFi ecosystem. 
e-RADIX,Onchain,Network Hashrate,e-RADIX is an ERC20 token to promote decentralisation & integration into the DeFi ecosystem. 
e-RADIX,Offchain,Market Capitalization,e-RADIX is an ERC20 token to promote decentralisation & integration into the DeFi ecosystem. 
e-RADIX,Onchain,Decentralized Finance (DeFi) Integration,e-RADIX is an ERC20 token to promote decentralisation & integration into the DeFi ecosystem. 
e-RADIX,Offchain,Competitor Analysis,e-RADIX is an ERC20 token to promote decentralisation & integration into the DeFi ecosystem. 
Bitget Token,Onchain,Transaction Volume,"BGB Token is a platform token for Bitget, aiming to create a secure, accessible Web3-ecosystem for crypto, NFTs, Defi, and more. "
Bitget Token,Offchain,Trading Volume on Exchanges,"BGB Token is a platform token for Bitget, aiming to create a secure, accessible Web3-ecosystem for crypto, NFTs, Defi, and more. "
Bitget Token,Onchain,Wallet Distribution,"BGB Token is a platform token for Bitget, aiming to create a secure, accessible Web3-ecosystem for crypto, NFTs, Defi, and more. "
Bitget Token,Offchain,Social Media Sentiment,"BGB Token is a platform token for Bitget, aiming to create a secure, accessible Web3-ecosystem for crypto, NFTs, Defi, and more. "
Bitget Token,Onchain,Token Velocity,"BGB Token is a platform token for Bitget, aiming to create a secure, accessible Web3-ecosystem for crypto, NFTs, Defi, and more. "
Bitget Token,Offchain,Regulatory Developments,"BGB Token is a platform token for Bitget, aiming to create a secure, accessible Web3-ecosystem for crypto, NFTs, Defi, and more. "
Bitget Token,Onchain,Network Hashrate,"BGB Token is a platform token for Bitget, aiming to create a secure, accessible Web3-ecosystem for crypto, NFTs, Defi, and more. "
Bitget Token,Offchain,Market Capitalization,"BGB Token is a platform token for Bitget, aiming to create a secure, accessible Web3-ecosystem for crypto, NFTs, Defi, and more. "
Bitget Token,Onchain,Token Age Consumed,"BGB Token is a platform token for Bitget, aiming to create a secure, accessible Web3-ecosystem for crypto, NFTs, Defi, and more. "
Bitget Token,Offchain,Adoption and Partnerships,"BGB Token is a platform token for Bitget, aiming to create a secure, accessible Web3-ecosystem for crypto, NFTs, Defi, and more. "
StreamCoin,Onchain,Trading Volume,"StreamCoin is a BSC governance token utilizing PoSA, a hybrid of Delegated PoS and PoA. "
StreamCoin,Offchain,Social Media Sentiment,"StreamCoin is a BSC governance token utilizing PoSA, a hybrid of Delegated PoS and PoA. "
StreamCoin,Onchain,Token Velocity,"StreamCoin is a BSC governance token utilizing PoSA, a hybrid of Delegated PoS and PoA. "
StreamCoin,Offchain,News and Media Coverage,"StreamCoin is a BSC governance token utilizing PoSA, a hybrid of Delegated PoS and PoA. "
StreamCoin,Onchain,Whale Transactions,"StreamCoin is a BSC governance token utilizing PoSA, a hybrid of Delegated PoS and PoA. "
StreamCoin,Offchain,Market Capitalization,"StreamCoin is a BSC governance token utilizing PoSA, a hybrid of Delegated PoS and PoA. "
StreamCoin,Onchain,Token Age Consumed,"StreamCoin is a BSC governance token utilizing PoSA, a hybrid of Delegated PoS and PoA. "
StreamCoin,Offchain,Exchange Listings,"StreamCoin is a BSC governance token utilizing PoSA, a hybrid of Delegated PoS and PoA. "
StreamCoin,Onchain,Network Hashrate,"StreamCoin is a BSC governance token utilizing PoSA, a hybrid of Delegated PoS and PoA. "
StreamCoin,Offchain,Market Depth,"StreamCoin is a BSC governance token utilizing PoSA, a hybrid of Delegated PoS and PoA. "
Dvision Network,Onchain,Transaction Volume,Dvision Network is a blockchain-based NFT metaverse platform that lowers entry barriers for users to experience the most advanced metaverse.
Dvision Network,Offchain,Market Capitalization,Dvision Network is a blockchain-based NFT metaverse platform that lowers entry barriers for users to experience the most advanced metaverse.
Dvision Network,Onchain,Wallet Growth,Dvision Network is a blockchain-based NFT metaverse platform that lowers entry barriers for users to experience the most advanced metaverse.
Dvision Network,Offchain,Trading Volume,Dvision Network is a blockchain-based NFT metaverse platform that lowers entry barriers for users to experience the most advanced metaverse.
Dvision Network,Onchain,Token Circulation,Dvision Network is a blockchain-based NFT metaverse platform that lowers entry barriers for users to experience the most advanced metaverse.
Dvision Network,Offchain,Partnership Announcements,Dvision Network is a blockchain-based NFT metaverse platform that lowers entry barriers for users to experience the most advanced metaverse.
Dvision Network,Onchain,Network Hashrate,Dvision Network is a blockchain-based NFT metaverse platform that lowers entry barriers for users to experience the most advanced metaverse.
Dvision Network,Offchain,Regulatory Developments,Dvision Network is a blockchain-based NFT metaverse platform that lowers entry barriers for users to experience the most advanced metaverse.
Dvision Network,Onchain,Social Media Sentiment,Dvision Network is a blockchain-based NFT metaverse platform that lowers entry barriers for users to experience the most advanced metaverse.
Dvision Network,Offchain,Market Sentiment Index,Dvision Network is a blockchain-based NFT metaverse platform that lowers entry barriers for users to experience the most advanced metaverse.
Wing Finance,Onchain,Trading volume,Wing Finance is a decentralized money platform worked by the group behind Ontology that supports cross-chain associations between different protocols. 
Wing Finance,Offchain,Market sentiment,Wing Finance is a decentralized money platform worked by the group behind Ontology that supports cross-chain associations between different protocols. 
Wing Finance,Onchain,Token velocity,Wing Finance is a decentralized money platform worked by the group behind Ontology that supports cross-chain associations between different protocols. 
Wing Finance,Offchain,Regulatory developments,Wing Finance is a decentralized money platform worked by the group behind Ontology that supports cross-chain associations between different protocols. 
Wing Finance,Onchain,Whale transactions,Wing Finance is a decentralized money platform worked by the group behind Ontology that supports cross-chain associations between different protocols. 
Wing Finance,Offchain,Partnerships and collaborations,Wing Finance is a decentralized money platform worked by the group behind Ontology that supports cross-chain associations between different protocols. 
Wing Finance,Onchain,Network activity,Wing Finance is a decentralized money platform worked by the group behind Ontology that supports cross-chain associations between different protocols. 
Wing Finance,Offchain,Market trends,Wing Finance is a decentralized money platform worked by the group behind Ontology that supports cross-chain associations between different protocols. 
Wing Finance,Onchain,Token distribution,Wing Finance is a decentralized money platform worked by the group behind Ontology that supports cross-chain associations between different protocols. 
Wing Finance,Offchain,Technical analysis,Wing Finance is a decentralized money platform worked by the group behind Ontology that supports cross-chain associations between different protocols. 
Tokenlon,Onchain,Trading volume,"LON is a utility token issued by the Tokenlon DEX, used to adjust all ecosystem partners and boost cooperation and extension of the environment."
Tokenlon,Offchain,Market sentiment,"LON is a utility token issued by the Tokenlon DEX, used to adjust all ecosystem partners and boost cooperation and extension of the environment."
Tokenlon,Onchain,Token velocity,"LON is a utility token issued by the Tokenlon DEX, used to adjust all ecosystem partners and boost cooperation and extension of the environment."
Tokenlon,Offchain,Regulatory developments,"LON is a utility token issued by the Tokenlon DEX, used to adjust all ecosystem partners and boost cooperation and extension of the environment."
Tokenlon,Onchain,Network activity,"LON is a utility token issued by the Tokenlon DEX, used to adjust all ecosystem partners and boost cooperation and extension of the environment."
Tokenlon,Offchain,Market liquidity,"LON is a utility token issued by the Tokenlon DEX, used to adjust all ecosystem partners and boost cooperation and extension of the environment."
Tokenlon,Onchain,Token distribution,"LON is a utility token issued by the Tokenlon DEX, used to adjust all ecosystem partners and boost cooperation and extension of the environment."
Tokenlon,Offchain,Competitor analysis,"LON is a utility token issued by the Tokenlon DEX, used to adjust all ecosystem partners and boost cooperation and extension of the environment."
Tokenlon,Onchain,Token age consumed,"LON is a utility token issued by the Tokenlon DEX, used to adjust all ecosystem partners and boost cooperation and extension of the environment."
Tokenlon,Offchain,Overall market trends,"LON is a utility token issued by the Tokenlon DEX, used to adjust all ecosystem partners and boost cooperation and extension of the environment."
Crypto One Stop Solution,Onchain,Transaction volume,COS serves as an intermediary between the maker and the taker who place and complete orders in a safe environment.
Crypto One Stop Solution,Offchain,Social media sentiment,COS serves as an intermediary between the maker and the taker who place and complete orders in a safe environment.
Crypto One Stop Solution,Onchain,Wallet growth,COS serves as an intermediary between the maker and the taker who place and complete orders in a safe environment.
Crypto One Stop Solution,Offchain,Trading volume on exchanges,COS serves as an intermediary between the maker and the taker who place and complete orders in a safe environment.
Crypto One Stop Solution,Onchain,Token velocity,COS serves as an intermediary between the maker and the taker who place and complete orders in a safe environment.
Crypto One Stop Solution,Offchain,Regulatory developments,COS serves as an intermediary between the maker and the taker who place and complete orders in a safe environment.
Crypto One Stop Solution,Onchain,Exchange inflows/outflows,COS serves as an intermediary between the maker and the taker who place and complete orders in a safe environment.
Crypto One Stop Solution,Offchain,Market trends,COS serves as an intermediary between the maker and the taker who place and complete orders in a safe environment.
Crypto One Stop Solution,Onchain,Miner activity,COS serves as an intermediary between the maker and the taker who place and complete orders in a safe environment.
Crypto One Stop Solution,Offchain,Partnerships and collaborations,COS serves as an intermediary between the maker and the taker who place and complete orders in a safe environment.
Unifi Protocol DAO,Onchain,Trading Volume,"Unifi Protocol DAO is a group of interoperable, decentralized smart contracts providing building blocks for next-gen DeFi, with uTrade as a proof-of-concept for liquidity mining. "
Unifi Protocol DAO,Offchain,Social Media Sentiment,"Unifi Protocol DAO is a group of interoperable, decentralized smart contracts providing building blocks for next-gen DeFi, with uTrade as a proof-of-concept for liquidity mining. "
Unifi Protocol DAO,Onchain,Token Velocity,"Unifi Protocol DAO is a group of interoperable, decentralized smart contracts providing building blocks for next-gen DeFi, with uTrade as a proof-of-concept for liquidity mining. "
Unifi Protocol DAO,Offchain,News and Media Coverage,"Unifi Protocol DAO is a group of interoperable, decentralized smart contracts providing building blocks for next-gen DeFi, with uTrade as a proof-of-concept for liquidity mining. "
Unifi Protocol DAO,Onchain,Whale Transactions,"Unifi Protocol DAO is a group of interoperable, decentralized smart contracts providing building blocks for next-gen DeFi, with uTrade as a proof-of-concept for liquidity mining. "
Unifi Protocol DAO,Offchain,Developer Activity,"Unifi Protocol DAO is a group of interoperable, decentralized smart contracts providing building blocks for next-gen DeFi, with uTrade as a proof-of-concept for liquidity mining. "
Unifi Protocol DAO,Onchain,Token Age Consumed,"Unifi Protocol DAO is a group of interoperable, decentralized smart contracts providing building blocks for next-gen DeFi, with uTrade as a proof-of-concept for liquidity mining. "
Unifi Protocol DAO,Offchain,Market Capitalization,"Unifi Protocol DAO is a group of interoperable, decentralized smart contracts providing building blocks for next-gen DeFi, with uTrade as a proof-of-concept for liquidity mining. "
Unifi Protocol DAO,Onchain,Exchange Inflow/Outflow,"Unifi Protocol DAO is a group of interoperable, decentralized smart contracts providing building blocks for next-gen DeFi, with uTrade as a proof-of-concept for liquidity mining. "
Unifi Protocol DAO,Offchain,Market Depth,"Unifi Protocol DAO is a group of interoperable, decentralized smart contracts providing building blocks for next-gen DeFi, with uTrade as a proof-of-concept for liquidity mining. "
OpenANX,Onchain,Transaction Volume,"OpenANX is a project that strives to provide support for decentralized finance and digital assets, offering alternatives to traditional financial ecosystems."
OpenANX,Offchain,Social Media Sentiment,"OpenANX is a project that strives to provide support for decentralized finance and digital assets, offering alternatives to traditional financial ecosystems."
OpenANX,Onchain,Wallet Growth,"OpenANX is a project that strives to provide support for decentralized finance and digital assets, offering alternatives to traditional financial ecosystems."
OpenANX,Offchain,News and Media Coverage,"OpenANX is a project that strives to provide support for decentralized finance and digital assets, offering alternatives to traditional financial ecosystems."
OpenANX,Onchain,Token Velocity,"OpenANX is a project that strives to provide support for decentralized finance and digital assets, offering alternatives to traditional financial ecosystems."
OpenANX,Offchain,Trading Volume on Exchanges,"OpenANX is a project that strives to provide support for decentralized finance and digital assets, offering alternatives to traditional financial ecosystems."
OpenANX,Onchain,Exchange Inflow/Outflow,"OpenANX is a project that strives to provide support for decentralized finance and digital assets, offering alternatives to traditional financial ecosystems."
OpenANX,Offchain,Market Capitalization,"OpenANX is a project that strives to provide support for decentralized finance and digital assets, offering alternatives to traditional financial ecosystems."
OpenANX,Onchain,Network Hashrate,"OpenANX is a project that strives to provide support for decentralized finance and digital assets, offering alternatives to traditional financial ecosystems."
OpenANX,Offchain,Regulatory Developments,"OpenANX is a project that strives to provide support for decentralized finance and digital assets, offering alternatives to traditional financial ecosystems."
vEmpire DDAO,Onchain,Trading Volume,vEmpire DDAO is a decentralized metaverse investment org. offering double yield interest ' largest virtual land owner in the industry.
vEmpire DDAO,Offchain,Social Media Sentiment,vEmpire DDAO is a decentralized metaverse investment org. offering double yield interest ' largest virtual land owner in the industry.
vEmpire DDAO,Onchain,Token Velocity,vEmpire DDAO is a decentralized metaverse investment org. offering double yield interest ' largest virtual land owner in the industry.
vEmpire DDAO,Offchain,News and Media Coverage,vEmpire DDAO is a decentralized metaverse investment org. offering double yield interest ' largest virtual land owner in the industry.
vEmpire DDAO,Onchain,Whale Transactions,vEmpire DDAO is a decentralized metaverse investment org. offering double yield interest ' largest virtual land owner in the industry.
vEmpire DDAO,Offchain,Partnerships and Integrations,vEmpire DDAO is a decentralized metaverse investment org. offering double yield interest ' largest virtual land owner in the industry.
vEmpire DDAO,Onchain,Token Age Consumed,vEmpire DDAO is a decentralized metaverse investment org. offering double yield interest ' largest virtual land owner in the industry.
vEmpire DDAO,Offchain,Market Capitalization,vEmpire DDAO is a decentralized metaverse investment org. offering double yield interest ' largest virtual land owner in the industry.
vEmpire DDAO,Onchain,Exchange Inflow/Outflow,vEmpire DDAO is a decentralized metaverse investment org. offering double yield interest ' largest virtual land owner in the industry.
vEmpire DDAO,Offchain,Token Burn,vEmpire DDAO is a decentralized metaverse investment org. offering double yield interest ' largest virtual land owner in the industry.
SingularityDAO,Onchain,Trading volume,"SingularityDAO is a decentralized token governing AI-managed funds, powered by SingularityNET's AI technology. "
SingularityDAO,Offchain,Market sentiment,"SingularityDAO is a decentralized token governing AI-managed funds, powered by SingularityNET's AI technology. "
SingularityDAO,Onchain,Token velocity,"SingularityDAO is a decentralized token governing AI-managed funds, powered by SingularityNET's AI technology. "
SingularityDAO,Offchain,Partnership announcements,"SingularityDAO is a decentralized token governing AI-managed funds, powered by SingularityNET's AI technology. "
SingularityDAO,Onchain,Network growth,"SingularityDAO is a decentralized token governing AI-managed funds, powered by SingularityNET's AI technology. "
SingularityDAO,Offchain,Regulatory developments,"SingularityDAO is a decentralized token governing AI-managed funds, powered by SingularityNET's AI technology. "
SingularityDAO,Onchain,Whale transactions,"SingularityDAO is a decentralized token governing AI-managed funds, powered by SingularityNET's AI technology. "
SingularityDAO,Offchain,Technology updates,"SingularityDAO is a decentralized token governing AI-managed funds, powered by SingularityNET's AI technology. "
SingularityDAO,Onchain,Token distribution,"SingularityDAO is a decentralized token governing AI-managed funds, powered by SingularityNET's AI technology. "
SingularityDAO,Offchain,Market trends,"SingularityDAO is a decentralized token governing AI-managed funds, powered by SingularityNET's AI technology. "
Creditcoin,Onchain,Transaction volume,Creditcoin aims to create a trustable credit framework for the unbanked in developing markets using public blockchain.
Creditcoin,Offchain,Market sentiment,Creditcoin aims to create a trustable credit framework for the unbanked in developing markets using public blockchain.
Creditcoin,Onchain,Wallet growth,Creditcoin aims to create a trustable credit framework for the unbanked in developing markets using public blockchain.
Creditcoin,Offchain,Regulatory developments,Creditcoin aims to create a trustable credit framework for the unbanked in developing markets using public blockchain.
Creditcoin,Onchain,Token circulation,Creditcoin aims to create a trustable credit framework for the unbanked in developing markets using public blockchain.
Creditcoin,Offchain,Partnerships and collaborations,Creditcoin aims to create a trustable credit framework for the unbanked in developing markets using public blockchain.
Creditcoin,Onchain,Network hash rate,Creditcoin aims to create a trustable credit framework for the unbanked in developing markets using public blockchain.
Creditcoin,Offchain,Market liquidity,Creditcoin aims to create a trustable credit framework for the unbanked in developing markets using public blockchain.
Creditcoin,Onchain,Token distribution,Creditcoin aims to create a trustable credit framework for the unbanked in developing markets using public blockchain.
Creditcoin,Offchain,Market trends,Creditcoin aims to create a trustable credit framework for the unbanked in developing markets using public blockchain.
BakeryToken,Onchain,Trading volume,"BakerySwap offers faster, cheaper, and tastier trading with BAKE rewards and governance voting for liquidity providers. "
BakeryToken,Offchain,Market sentiment,"BakerySwap offers faster, cheaper, and tastier trading with BAKE rewards and governance voting for liquidity providers. "
BakeryToken,Onchain,Token velocity,"BakerySwap offers faster, cheaper, and tastier trading with BAKE rewards and governance voting for liquidity providers. "
BakeryToken,Offchain,Exchange order book,"BakerySwap offers faster, cheaper, and tastier trading with BAKE rewards and governance voting for liquidity providers. "
BakeryToken,Onchain,Whale transactions,"BakerySwap offers faster, cheaper, and tastier trading with BAKE rewards and governance voting for liquidity providers. "
BakeryToken,Offchain,Trading volume across exchanges,"BakerySwap offers faster, cheaper, and tastier trading with BAKE rewards and governance voting for liquidity providers. "
BakeryToken,Onchain,Token distribution,"BakerySwap offers faster, cheaper, and tastier trading with BAKE rewards and governance voting for liquidity providers. "
BakeryToken,Offchain,Regulatory developments,"BakerySwap offers faster, cheaper, and tastier trading with BAKE rewards and governance voting for liquidity providers. "
BakeryToken,Onchain,Network activity,"BakerySwap offers faster, cheaper, and tastier trading with BAKE rewards and governance voting for liquidity providers. "
BakeryToken,Offchain,Market trends and correlations,"BakerySwap offers faster, cheaper, and tastier trading with BAKE rewards and governance voting for liquidity providers. "
LBR,Onchain,Trading volume,LBR is Lybra Protocol's main token; stLBR holders receive protocol revenue and LBR tokens can be acquired through various means. 
LBR,Offchain,Market sentiment,LBR is Lybra Protocol's main token; stLBR holders receive protocol revenue and LBR tokens can be acquired through various means. 
LBR,Onchain,Network hash rate,LBR is Lybra Protocol's main token; stLBR holders receive protocol revenue and LBR tokens can be acquired through various means. 
LBR,Offchain,Regulatory developments,LBR is Lybra Protocol's main token; stLBR holders receive protocol revenue and LBR tokens can be acquired through various means. 
LBR,Onchain,Token velocity,LBR is Lybra Protocol's main token; stLBR holders receive protocol revenue and LBR tokens can be acquired through various means. 
LBR,Offchain,Market capitalization,LBR is Lybra Protocol's main token; stLBR holders receive protocol revenue and LBR tokens can be acquired through various means. 
LBR,Onchain,Whale transactions,LBR is Lybra Protocol's main token; stLBR holders receive protocol revenue and LBR tokens can be acquired through various means. 
LBR,Offchain,Adoption and partnerships,LBR is Lybra Protocol's main token; stLBR holders receive protocol revenue and LBR tokens can be acquired through various means. 
LBR,Onchain,Exchange inflows/outflows,LBR is Lybra Protocol's main token; stLBR holders receive protocol revenue and LBR tokens can be acquired through various means. 
LBR,Offchain,Technical analysis,LBR is Lybra Protocol's main token; stLBR holders receive protocol revenue and LBR tokens can be acquired through various means. 
Unibot,Onchain,Transaction volume,"TL;DR: UNIBOT is a user-friendly advanced trading bot, utilizing algorithms and real-time market data to optimize cryptocurrency trading strategies and maximize profits."
Unibot,Offchain,Social media sentiment,"TL;DR: UNIBOT is a user-friendly advanced trading bot, utilizing algorithms and real-time market data to optimize cryptocurrency trading strategies and maximize profits."
Unibot,Onchain,Wallet activity,"TL;DR: UNIBOT is a user-friendly advanced trading bot, utilizing algorithms and real-time market data to optimize cryptocurrency trading strategies and maximize profits."
Unibot,Offchain,Trading volume on exchanges,"TL;DR: UNIBOT is a user-friendly advanced trading bot, utilizing algorithms and real-time market data to optimize cryptocurrency trading strategies and maximize profits."
Unibot,Onchain,Token circulation,"TL;DR: UNIBOT is a user-friendly advanced trading bot, utilizing algorithms and real-time market data to optimize cryptocurrency trading strategies and maximize profits."
Unibot,Offchain,Market capitalization,"TL;DR: UNIBOT is a user-friendly advanced trading bot, utilizing algorithms and real-time market data to optimize cryptocurrency trading strategies and maximize profits."
Unibot,Onchain,Network hash rate,"TL;DR: UNIBOT is a user-friendly advanced trading bot, utilizing algorithms and real-time market data to optimize cryptocurrency trading strategies and maximize profits."
Unibot,Offchain,Regulatory developments,"TL;DR: UNIBOT is a user-friendly advanced trading bot, utilizing algorithms and real-time market data to optimize cryptocurrency trading strategies and maximize profits."
Unibot,Onchain,Token distribution,"TL;DR: UNIBOT is a user-friendly advanced trading bot, utilizing algorithms and real-time market data to optimize cryptocurrency trading strategies and maximize profits."
Unibot,Offchain,Market trends and correlations,"TL;DR: UNIBOT is a user-friendly advanced trading bot, utilizing algorithms and real-time market data to optimize cryptocurrency trading strategies and maximize profits."
Lovely Inu,Onchain,Trading volume,LOVELY Token vision to make the record by growing token price. LOVELY is a utility token and a decentralized meme token
Lovely Inu,Offchain,Social media sentiment,LOVELY Token vision to make the record by growing token price. LOVELY is a utility token and a decentralized meme token
Lovely Inu,Onchain,Token circulation,LOVELY Token vision to make the record by growing token price. LOVELY is a utility token and a decentralized meme token
Lovely Inu,Offchain,News and announcements,LOVELY Token vision to make the record by growing token price. LOVELY is a utility token and a decentralized meme token
Lovely Inu,Onchain,Token holders,LOVELY Token vision to make the record by growing token price. LOVELY is a utility token and a decentralized meme token
Lovely Inu,Offchain,Market trends,LOVELY Token vision to make the record by growing token price. LOVELY is a utility token and a decentralized meme token
Lovely Inu,Onchain,Token transfers,LOVELY Token vision to make the record by growing token price. LOVELY is a utility token and a decentralized meme token
Lovely Inu,Offchain,Exchange listings,LOVELY Token vision to make the record by growing token price. LOVELY is a utility token and a decentralized meme token
Lovely Inu,Onchain,Smart contract activity,LOVELY Token vision to make the record by growing token price. LOVELY is a utility token and a decentralized meme token
Lovely Inu,Offchain,Token utility and adoption,LOVELY Token vision to make the record by growing token price. LOVELY is a utility token and a decentralized meme token
SwftCoin,Onchain,Transaction volume,"SWFT is a cross-chain transfer platform and payment network providing users with direct swaps, best rates, low fees, and fast, secure transactions."
SwftCoin,Offchain,Social media sentiment,"SWFT is a cross-chain transfer platform and payment network providing users with direct swaps, best rates, low fees, and fast, secure transactions."
SwftCoin,Onchain,Wallet growth,"SWFT is a cross-chain transfer platform and payment network providing users with direct swaps, best rates, low fees, and fast, secure transactions."
SwftCoin,Offchain,Trading volume on exchanges,"SWFT is a cross-chain transfer platform and payment network providing users with direct swaps, best rates, low fees, and fast, secure transactions."
SwftCoin,Onchain,Token circulation,"SWFT is a cross-chain transfer platform and payment network providing users with direct swaps, best rates, low fees, and fast, secure transactions."
SwftCoin,Offchain,Market capitalization,"SWFT is a cross-chain transfer platform and payment network providing users with direct swaps, best rates, low fees, and fast, secure transactions."
SwftCoin,Onchain,Exchange inflows/outflows,"SWFT is a cross-chain transfer platform and payment network providing users with direct swaps, best rates, low fees, and fast, secure transactions."
SwftCoin,Offchain,Partnership announcements,"SWFT is a cross-chain transfer platform and payment network providing users with direct swaps, best rates, low fees, and fast, secure transactions."
SwftCoin,Onchain,Token distribution,"SWFT is a cross-chain transfer platform and payment network providing users with direct swaps, best rates, low fees, and fast, secure transactions."
SwftCoin,Offchain,Regulatory developments,"SWFT is a cross-chain transfer platform and payment network providing users with direct swaps, best rates, low fees, and fast, secure transactions."
Bone ShibaSwap,Onchain,Trading Volume,BONE token is a governance token that allows the ShibArmy to vote on upcoming proposals on the Doggy DAO.
Bone ShibaSwap,Offchain,Social Media Sentiment,BONE token is a governance token that allows the ShibArmy to vote on upcoming proposals on the Doggy DAO.
Bone ShibaSwap,Onchain,Token Velocity,BONE token is a governance token that allows the ShibArmy to vote on upcoming proposals on the Doggy DAO.
Bone ShibaSwap,Offchain,News and Media Coverage,BONE token is a governance token that allows the ShibArmy to vote on upcoming proposals on the Doggy DAO.
Bone ShibaSwap,Onchain,Whale Transactions,BONE token is a governance token that allows the ShibArmy to vote on upcoming proposals on the Doggy DAO.
Bone ShibaSwap,Offchain,Exchange Listings,BONE token is a governance token that allows the ShibArmy to vote on upcoming proposals on the Doggy DAO.
Bone ShibaSwap,Onchain,Token Age Consumed,BONE token is a governance token that allows the ShibArmy to vote on upcoming proposals on the Doggy DAO.
Bone ShibaSwap,Offchain,Market Capitalization,BONE token is a governance token that allows the ShibArmy to vote on upcoming proposals on the Doggy DAO.
Bone ShibaSwap,Onchain,Network Hashrate,BONE token is a governance token that allows the ShibArmy to vote on upcoming proposals on the Doggy DAO.
Bone ShibaSwap,Offchain,Token Burn,BONE token is a governance token that allows the ShibArmy to vote on upcoming proposals on the Doggy DAO.
VIDT DAO,Onchain,Transaction Volume,VIDT DAO is an open-source platform that brings trust to Web3 processes by using blockchain and timestamp technology.
VIDT DAO,Offchain,Social Media Sentiment,VIDT DAO is an open-source platform that brings trust to Web3 processes by using blockchain and timestamp technology.
VIDT DAO,Onchain,Token Velocity,VIDT DAO is an open-source platform that brings trust to Web3 processes by using blockchain and timestamp technology.
VIDT DAO,Offchain,News and Media Coverage,VIDT DAO is an open-source platform that brings trust to Web3 processes by using blockchain and timestamp technology.
VIDT DAO,Onchain,Whale Accumulation,VIDT DAO is an open-source platform that brings trust to Web3 processes by using blockchain and timestamp technology.
VIDT DAO,Offchain,Trading Volume on Exchanges,VIDT DAO is an open-source platform that brings trust to Web3 processes by using blockchain and timestamp technology.
VIDT DAO,Onchain,Exchange Inflow/Outflow,VIDT DAO is an open-source platform that brings trust to Web3 processes by using blockchain and timestamp technology.
VIDT DAO,Offchain,Market Capitalization,VIDT DAO is an open-source platform that brings trust to Web3 processes by using blockchain and timestamp technology.
VIDT DAO,Onchain,Network Hashrate,VIDT DAO is an open-source platform that brings trust to Web3 processes by using blockchain and timestamp technology.
VIDT DAO,Offchain,Technical Analysis,VIDT DAO is an open-source platform that brings trust to Web3 processes by using blockchain and timestamp technology.
Rally,Onchain,Trading Volume,"Rally is an open, decentralized network that enables creators to launch vibrant and independent economies with their communities powered by the Ethereum blockchain."
Rally,Offchain,Social Media Sentiment,"Rally is an open, decentralized network that enables creators to launch vibrant and independent economies with their communities powered by the Ethereum blockchain."
Rally,Onchain,Token Circulation,"Rally is an open, decentralized network that enables creators to launch vibrant and independent economies with their communities powered by the Ethereum blockchain."
Rally,Offchain,News and Media Coverage,"Rally is an open, decentralized network that enables creators to launch vibrant and independent economies with their communities powered by the Ethereum blockchain."
Rally,Onchain,Whale Transactions,"Rally is an open, decentralized network that enables creators to launch vibrant and independent economies with their communities powered by the Ethereum blockchain."
Rally,Offchain,Market Sentiment Index,"Rally is an open, decentralized network that enables creators to launch vibrant and independent economies with their communities powered by the Ethereum blockchain."
Rally,Onchain,Token Velocity,"Rally is an open, decentralized network that enables creators to launch vibrant and independent economies with their communities powered by the Ethereum blockchain."
Rally,Offchain,Exchange Listings,"Rally is an open, decentralized network that enables creators to launch vibrant and independent economies with their communities powered by the Ethereum blockchain."
Rally,Onchain,Network Activity,"Rally is an open, decentralized network that enables creators to launch vibrant and independent economies with their communities powered by the Ethereum blockchain."
Rally,Offchain,Market Capitalization,"Rally is an open, decentralized network that enables creators to launch vibrant and independent economies with their communities powered by the Ethereum blockchain."
Flux,Onchain,Transaction Volume,"Flux is decentralized cloud infrastructure, develops, manages, and spawns applications on multiple servers."
Flux,Offchain,Market Sentiment,"Flux is decentralized cloud infrastructure, develops, manages, and spawns applications on multiple servers."
Flux,Onchain,Network Hashrate,"Flux is decentralized cloud infrastructure, develops, manages, and spawns applications on multiple servers."
Flux,Offchain,Developer Activity,"Flux is decentralized cloud infrastructure, develops, manages, and spawns applications on multiple servers."
Flux,Onchain,Token Circulation,"Flux is decentralized cloud infrastructure, develops, manages, and spawns applications on multiple servers."
Flux,Offchain,Partnerships and Integrations,"Flux is decentralized cloud infrastructure, develops, manages, and spawns applications on multiple servers."
Flux,Onchain,Exchange Inflows/Outflows,"Flux is decentralized cloud infrastructure, develops, manages, and spawns applications on multiple servers."
Flux,Offchain,Regulatory Developments,"Flux is decentralized cloud infrastructure, develops, manages, and spawns applications on multiple servers."
Flux,Onchain,Smart Contract Activity,"Flux is decentralized cloud infrastructure, develops, manages, and spawns applications on multiple servers."
Flux,Offchain,Market Capitalization,"Flux is decentralized cloud infrastructure, develops, manages, and spawns applications on multiple servers."
Echelon Prime,Onchain,Trading volume,Echelon Prime Foundation supports gaming innovation and growth with Web3 tools and resources.
Echelon Prime,Offchain,Market sentiment,Echelon Prime Foundation supports gaming innovation and growth with Web3 tools and resources.
Echelon Prime,Onchain,Network hash rate,Echelon Prime Foundation supports gaming innovation and growth with Web3 tools and resources.
Echelon Prime,Offchain,Regulatory developments,Echelon Prime Foundation supports gaming innovation and growth with Web3 tools and resources.
Echelon Prime,Onchain,Whale transactions,Echelon Prime Foundation supports gaming innovation and growth with Web3 tools and resources.
Echelon Prime,Offchain,Market capitalization,Echelon Prime Foundation supports gaming innovation and growth with Web3 tools and resources.
Echelon Prime,Onchain,Exchange inflows/outflows,Echelon Prime Foundation supports gaming innovation and growth with Web3 tools and resources.
Echelon Prime,Offchain,Adoption and partnerships,Echelon Prime Foundation supports gaming innovation and growth with Web3 tools and resources.
Echelon Prime,Onchain,Token velocity,Echelon Prime Foundation supports gaming innovation and growth with Web3 tools and resources.
Echelon Prime,Offchain,Technical analysis,Echelon Prime Foundation supports gaming innovation and growth with Web3 tools and resources.
Bitgert,Onchain,Transaction Volume,"Bitgert is a crypto engineering association focused on blockchain innovation, offering rewards & buyback functions to benefit token holders."
Bitgert,Offchain,Social Media Sentiment,"Bitgert is a crypto engineering association focused on blockchain innovation, offering rewards & buyback functions to benefit token holders."
Bitgert,Onchain,Wallet Growth,"Bitgert is a crypto engineering association focused on blockchain innovation, offering rewards & buyback functions to benefit token holders."
Bitgert,Offchain,Trading Volume on Exchanges,"Bitgert is a crypto engineering association focused on blockchain innovation, offering rewards & buyback functions to benefit token holders."
Bitgert,Onchain,Token Velocity,"Bitgert is a crypto engineering association focused on blockchain innovation, offering rewards & buyback functions to benefit token holders."
Bitgert,Offchain,Regulatory Developments,"Bitgert is a crypto engineering association focused on blockchain innovation, offering rewards & buyback functions to benefit token holders."
Bitgert,Onchain,Network Hashrate,"Bitgert is a crypto engineering association focused on blockchain innovation, offering rewards & buyback functions to benefit token holders."
Bitgert,Offchain,Market Capitalization,"Bitgert is a crypto engineering association focused on blockchain innovation, offering rewards & buyback functions to benefit token holders."
Bitgert,Onchain,Token Distribution,"Bitgert is a crypto engineering association focused on blockchain innovation, offering rewards & buyback functions to benefit token holders."
Bitgert,Offchain,Partnerships and Integrations,"Bitgert is a crypto engineering association focused on blockchain innovation, offering rewards & buyback functions to benefit token holders."
