date,Hifi Finance crypto,Unibot crypto,Akropolis crypto,Nest Protocol crypto,Groestlcoin crypto,isPartial,BlockBank crypto,Symbol crypto,Dusk Network crypto,Metal crypto,Merit Circle crypto,isPartial,NvirWorld crypto,Automata Network crypto,Wing Finance crypto,Helium crypto,SafePal crypto,isPartial,Cronos crypto,TrueFi crypto,Swop.fi crypto,Voyager Token crypto,Render Token crypto,isPartial,IoTeX crypto,Midnight crypto,Numeraire crypto,SPACE ID crypto,Ambrosus crypto,isPartial,My Neighbor Alice crypto,Gods Unchained crypto,Kadena crypto,Bella Protocol crypto,Bluzelle crypto,isPartial,Polkastarter crypto,Solana crypto,Santos FC Fan Token crypto,aelf crypto,Prosper crypto,isPartial,Pendle crypto,FIO Protocol crypto,BarnBridge crypto,1inch Token crypto,Arkham crypto,isPartial,Unifi Protocol DAO crypto,Audius crypto,JOE crypto,Atletico Madrid Fan Token crypto,Gitcoin crypto,isPartial,Open Campus crypto,Verge crypto,Reef Finance crypto,Ren crypto,SOLVE crypto,isPartial
2023-01-01,49,88,0,0,0,False,0,27,0,53,15,False,0,0,0,0,0,False,19,0,0,0,0,False,0,16,0,12,0,False,0,0,22,30,16,False,0,34,0,0,0,False,0,0,0,0,9,False,0,0,0,0,0,False,0,0,19,0,0,False
2023-01-02,0,0,0,0,0,False,0,0,0,40,0,False,0,0,0,0,0,False,69,0,0,0,0,False,0,0,0,25,0,False,0,19,23,0,0,False,0,43,0,0,0,False,0,0,0,0,10,False,0,0,0,0,0,False,0,0,0,32,0,False
2023-01-03,0,0,0,0,0,False,23,14,0,0,0,False,0,0,0,34,0,False,28,0,0,0,17,False,0,0,0,0,0,False,0,0,0,0,0,False,0,62,0,0,0,False,0,10,0,0,0,False,0,0,25,0,0,False,0,0,0,0,0,False
2023-01-04,31,43,0,32,0,False,0,24,0,15,0,False,0,0,55,33,0,False,47,0,0,0,0,False,32,0,0,0,0,False,0,0,0,0,0,False,0,50,0,0,0,False,7,0,0,7,0,False,0,0,0,0,0,False,0,0,0,21,24,False
2023-01-05,0,0,0,0,0,False,0,44,0,20,0,False,0,0,0,0,15,False,51,0,0,0,0,False,0,17,0,0,9,False,0,0,26,15,0,False,0,39,0,0,0,False,0,7,13,0,0,False,0,0,10,0,0,False,24,13,0,0,0,False
2023-01-06,0,0,0,0,0,False,0,0,0,0,0,False,0,0,0,34,0,False,20,0,0,0,0,False,27,0,10,0,0,False,0,0,16,14,0,False,0,31,0,0,0,False,0,0,7,0,0,False,0,0,14,0,0,False,0,0,0,37,0,False
2023-01-07,0,0,0,0,0,False,0,0,27,20,0,False,0,25,0,33,0,False,42,0,0,0,0,False,23,0,0,14,0,False,0,0,0,0,0,False,0,34,0,0,3,False,8,7,7,0,0,False,0,0,0,0,0,False,0,13,0,12,0,False
2023-01-08,0,0,0,42,0,False,17,0,0,33,0,False,0,0,19,65,0,False,22,0,0,0,0,False,0,0,0,0,0,False,0,0,0,0,0,False,0,29,0,0,0,False,0,4,0,0,0,False,0,0,35,0,0,False,0,21,0,0,32,False
2023-01-09,0,0,21,0,0,False,0,0,26,44,0,False,0,15,0,78,0,False,30,22,0,75,17,False,0,0,0,0,0,False,0,0,37,0,0,False,0,73,0,0,5,False,4,0,0,11,0,False,0,0,0,0,15,False,0,9,0,0,0,False
2023-01-10,0,0,31,0,0,False,0,0,0,0,0,False,0,0,0,32,0,False,0,0,0,0,29,False,0,26,0,0,0,False,0,0,0,0,0,False,0,32,0,0,0,False,0,0,0,0,0,False,0,0,14,0,0,False,0,0,0,0,0,False
2023-01-11,0,0,0,0,0,False,13,0,36,17,0,False,0,0,0,37,23,False,0,0,0,22,0,False,0,8,0,0,0,False,0,0,0,0,0,False,5,43,0,0,0,False,0,0,0,6,0,False,0,11,16,0,0,False,0,17,0,12,0,False
2023-01-12,0,0,18,0,0,False,0,0,0,0,0,False,0,23,0,51,0,False,44,0,0,0,0,False,0,0,0,9,0,False,24,0,0,0,0,False,0,35,0,0,3,False,6,0,0,0,4,False,0,0,14,0,0,False,0,14,0,12,25,False
2023-01-13,0,0,0,0,0,False,0,16,0,12,0,False,0,0,0,71,17,False,80,0,0,0,0,False,0,0,0,29,0,False,0,0,15,0,0,False,0,28,0,0,0,False,0,0,4,0,0,False,0,29,17,0,0,False,12,0,28,0,0,False
2023-01-14,65,0,0,0,0,False,0,0,0,0,0,False,0,0,0,45,0,False,21,27,0,0,0,False,0,0,35,0,0,False,0,0,0,0,0,False,0,100,0,4,4,False,0,0,0,6,0,False,0,29,15,0,0,False,0,0,0,0,20,False
2023-01-15,0,0,0,27,0,False,0,0,0,0,25,False,0,48,0,20,0,False,0,0,0,0,0,False,0,19,0,0,0,False,0,0,0,0,0,False,0,38,0,3,0,False,0,0,0,6,0,False,0,17,25,0,0,False,0,0,0,30,0,False
2023-01-16,0,0,0,0,0,False,0,0,0,95,0,False,0,33,15,39,55,False,48,17,0,0,0,False,0,24,0,0,0,False,0,0,0,0,0,False,0,49,0,0,0,False,0,0,0,0,9,False,0,17,0,0,0,False,0,0,0,0,0,False
2023-01-17,0,0,16,17,26,False,0,45,0,0,0,False,0,0,20,93,0,False,40,0,0,0,0,False,0,0,0,0,0,False,0,0,0,0,0,False,0,33,0,0,0,False,5,0,0,0,0,False,0,0,13,0,0,False,0,17,0,0,0,False
2023-01-18,0,0,0,0,14,False,0,24,0,0,0,False,0,0,0,35,60,False,28,0,0,27,0,False,0,0,0,0,0,False,0,0,26,0,0,False,0,31,0,0,3,False,0,0,0,0,0,False,0,0,0,0,33,False,34,0,0,13,11,False
2023-01-19,23,0,0,0,0,False,0,53,0,19,0,False,0,0,0,0,0,False,0,0,0,0,0,False,0,10,0,0,0,False,15,0,12,0,0,False,3,30,0,7,0,False,0,0,0,0,0,False,0,0,0,0,0,False,0,0,0,0,0,False
2023-01-20,0,0,0,32,17,False,0,12,0,0,0,False,0,0,20,24,0,False,56,0,0,0,34,False,0,0,0,0,10,False,0,0,0,0,0,False,0,36,0,0,0,False,5,0,0,0,0,False,20,0,17,0,0,False,10,0,0,23,0,False
2023-01-21,0,0,0,24,52,False,0,36,0,20,0,False,0,0,0,25,0,False,17,0,0,25,0,False,0,0,0,0,0,False,0,0,23,0,0,False,0,54,0,0,0,False,0,8,0,0,0,False,0,0,15,0,0,False,0,0,0,0,15,False
2023-01-22,0,0,0,0,0,False,0,41,0,24,14,False,0,0,0,38,0,False,44,0,0,76,0,False,0,0,30,0,0,False,0,0,0,0,0,False,0,37,0,3,0,False,0,0,0,0,0,False,0,0,22,0,0,False,19,0,0,0,0,False
2023-01-23,0,21,0,0,0,False,0,32,0,47,0,False,0,0,0,0,0,False,50,0,0,43,44,False,0,0,0,0,0,False,0,0,21,0,0,False,0,47,0,9,0,False,0,5,0,0,0,False,0,0,21,0,0,False,49,0,0,35,0,False
2023-01-24,23,17,0,22,0,False,0,0,0,0,0,False,0,0,0,55,0,False,0,19,0,0,0,False,0,17,0,0,0,False,0,0,29,0,0,False,3,29,0,0,0,False,0,0,0,0,0,False,0,30,0,0,0,False,0,0,0,16,23,False
2023-01-25,0,15,0,0,0,False,0,0,27,0,0,False,0,0,16,30,0,False,36,0,0,0,0,False,12,0,11,9,0,False,0,0,21,0,0,False,9,30,0,0,0,False,0,0,0,0,0,False,0,14,0,0,0,False,16,0,18,0,0,False
2023-01-26,0,0,0,0,0,False,0,0,0,0,0,False,0,0,17,36,0,False,66,0,0,0,0,False,0,11,0,0,0,False,26,0,0,0,14,False,0,25,0,0,3,False,5,6,0,10,0,False,0,23,0,0,0,False,0,15,0,24,39,False
2023-01-27,0,0,0,0,0,False,0,0,0,18,0,False,0,0,0,39,30,False,17,0,0,0,0,False,0,0,0,10,0,False,0,0,0,0,0,False,0,25,0,0,0,False,0,0,0,7,0,False,0,0,0,0,0,False,0,31,0,0,0,False
2023-01-28,0,0,0,0,0,False,0,0,0,24,0,False,0,15,0,36,25,False,32,21,0,0,18,False,0,0,9,0,0,False,0,0,0,23,0,False,0,24,0,5,0,False,7,0,0,0,0,False,0,0,0,0,0,False,0,0,0,0,14,False
2023-01-29,0,25,0,0,0,False,0,12,0,0,0,False,0,0,0,48,37,False,40,0,0,0,53,False,24,0,0,0,0,False,0,0,47,0,0,False,5,31,0,0,6,False,0,0,0,0,0,False,0,0,0,0,0,False,10,0,22,0,0,False
2023-01-30,0,0,14,0,0,False,26,0,0,25,0,False,0,0,0,58,0,False,58,0,0,28,16,False,0,0,0,0,0,False,18,21,34,0,0,False,0,36,0,0,6,False,6,5,0,0,0,False,0,30,26,0,0,False,0,0,19,0,0,False
2023-01-31,0,0,0,21,0,False,20,0,0,12,38,False,0,0,26,0,22,False,16,47,0,25,0,False,0,0,11,12,0,False,0,11,0,0,0,False,0,29,0,6,0,False,0,0,0,0,18,False,0,0,0,0,21,False,0,11,0,13,0,False
2023-02-01,0,28,0,20,0,False,0,0,0,0,0,False,0,0,0,0,0,False,23,0,0,56,0,False,0,0,0,0,8,False,0,0,13,0,0,False,0,27,0,0,0,False,0,0,0,0,0,False,23,0,32,0,0,False,0,11,0,11,0,False
2023-02-02,0,0,0,0,55,False,15,56,16,17,0,False,0,0,0,54,0,False,27,0,0,0,48,False,0,22,31,0,12,False,0,0,0,11,0,False,0,36,0,7,0,False,0,0,0,0,0,False,0,11,17,0,0,False,12,0,0,0,11,False
2023-02-03,54,0,0,0,29,False,0,0,13,0,0,False,0,0,23,94,0,False,49,0,0,0,27,False,0,0,0,0,10,False,0,0,0,0,0,False,0,27,0,0,0,False,0,8,14,0,0,False,0,0,28,0,22,False,0,0,0,43,38,False
2023-02-04,0,16,0,0,0,False,22,38,0,0,28,False,0,0,0,57,0,False,59,0,0,0,0,False,0,20,44,0,13,False,0,0,0,0,0,False,0,24,0,5,0,False,0,6,0,0,9,False,12,17,16,0,0,False,0,18,0,14,0,False
2023-02-05,52,0,0,30,20,False,0,0,21,0,0,False,0,51,0,18,0,False,0,0,0,0,0,False,0,22,0,0,0,False,0,0,0,0,22,False,0,22,0,0,0,False,0,0,0,0,0,False,0,12,44,0,0,False,0,0,0,0,0,False
2023-02-06,0,18,0,0,0,False,0,24,13,0,0,False,0,0,0,32,17,False,32,0,0,0,42,False,0,0,66,0,0,False,0,0,15,0,0,False,3,20,0,0,0,False,0,0,7,0,12,False,0,12,0,0,0,False,0,0,0,23,0,False
2023-02-07,0,0,0,0,0,False,0,18,18,0,0,False,0,0,0,31,0,False,77,0,0,0,0,False,0,21,0,0,0,False,0,26,0,0,0,False,0,27,0,7,0,False,0,0,0,0,0,False,0,0,20,0,0,False,0,0,0,9,0,False
2023-02-08,0,0,0,0,0,False,0,11,23,14,0,False,0,0,0,0,0,False,40,0,0,0,0,False,0,0,12,0,0,False,0,14,0,0,19,False,0,32,0,2,7,False,0,0,11,0,0,False,0,19,20,0,0,False,0,0,0,15,0,False
2023-02-09,0,14,0,0,0,False,0,15,12,0,0,False,0,0,0,16,0,False,0,0,0,0,41,False,48,11,0,14,0,False,0,20,23,27,0,False,0,22,0,0,8,False,0,0,0,0,0,False,0,16,46,0,12,False,0,12,0,31,13,False
2023-02-10,0,44,0,0,38,False,0,0,0,43,0,False,0,0,0,0,14,False,23,0,0,0,0,False,0,0,0,0,9,False,0,0,18,0,0,False,0,17,0,0,0,False,0,10,7,0,0,False,0,0,9,0,0,False,0,0,0,0,0,False
2023-02-11,0,0,0,0,0,False,0,17,0,0,0,False,0,0,0,0,0,False,0,0,0,39,0,False,14,0,11,0,11,False,14,0,25,25,12,False,5,19,0,0,0,False,10,14,0,0,0,False,0,11,0,0,0,False,0,0,0,0,0,False
2023-02-12,0,0,0,0,0,False,0,0,0,17,18,False,0,0,0,0,0,False,44,0,0,0,0,False,0,22,0,0,0,False,0,0,0,0,0,False,0,39,0,0,0,False,0,18,0,0,7,False,0,11,0,0,0,False,0,0,14,22,15,False
2023-02-13,0,0,0,0,0,False,13,0,14,24,14,False,0,0,0,28,0,False,0,0,0,0,0,False,0,0,0,0,10,False,0,0,0,14,0,False,0,12,0,0,0,False,9,0,8,0,10,False,10,19,0,0,0,False,0,0,0,29,0,False
2023-02-14,0,0,24,0,25,False,0,32,0,0,0,False,0,0,0,16,0,False,0,0,0,0,0,False,0,0,12,11,26,False,23,0,0,0,0,False,0,21,0,3,0,False,0,0,0,0,0,False,0,0,0,0,0,False,0,0,0,0,0,False
2023-02-15,0,0,17,0,0,False,0,35,0,22,0,False,0,0,16,85,0,False,24,0,0,0,0,False,0,27,0,0,0,False,0,0,11,13,0,False,5,21,0,0,0,False,8,0,0,0,0,False,14,0,0,0,0,False,0,18,0,0,17,False
2023-02-16,18,0,0,14,0,False,17,0,0,16,14,False,0,0,21,52,15,False,23,70,0,0,0,False,0,0,0,0,0,False,0,0,0,0,0,False,0,29,0,0,0,False,0,0,0,0,0,False,0,23,39,0,0,False,0,0,0,0,15,False
2023-02-17,0,0,25,0,0,False,0,18,18,18,0,False,0,0,0,28,23,False,48,17,0,29,0,False,0,0,9,0,0,False,0,0,0,0,0,False,0,15,0,0,0,False,9,0,5,0,0,False,0,0,12,0,0,False,14,0,0,12,0,False
2023-02-18,0,22,27,0,0,False,0,30,0,16,0,False,0,0,0,21,0,False,0,28,0,0,0,False,0,24,12,0,0,False,0,0,24,0,0,False,0,24,0,0,0,False,7,9,0,0,0,False,0,13,16,0,0,False,0,0,0,0,55,False
2023-02-19,0,0,0,0,27,False,0,17,0,0,0,False,0,0,0,57,0,False,20,18,0,0,0,False,0,12,0,0,0,False,0,0,0,0,0,False,0,29,0,0,0,False,6,0,0,0,0,False,0,13,32,0,0,False,70,0,0,0,0,False
2023-02-20,0,0,0,0,0,False,14,0,0,0,0,False,0,0,0,44,0,False,68,0,0,30,0,False,0,22,0,0,0,False,0,0,26,0,0,False,0,38,0,0,0,False,0,0,0,0,0,False,0,11,17,0,0,False,15,11,0,0,0,False
2023-02-21,0,0,24,0,0,False,0,40,0,0,0,False,0,0,0,51,0,False,100,0,0,31,0,False,27,12,28,0,0,False,0,0,0,0,0,False,4,35,0,0,0,False,10,0,9,0,0,False,0,0,0,0,0,False,0,0,0,21,0,False
2023-02-22,0,0,0,0,0,False,39,0,0,16,19,False,0,0,29,0,0,False,0,15,0,0,34,False,0,0,19,0,0,False,0,19,0,0,0,False,0,19,0,0,4,False,0,0,0,7,0,False,0,0,25,0,0,False,16,0,0,34,0,False
2023-02-23,0,0,0,0,0,False,0,14,0,0,0,False,0,0,0,37,0,False,0,0,0,0,0,False,12,10,0,0,0,False,10,0,0,17,16,False,0,21,0,0,0,False,0,0,0,0,0,False,0,0,0,0,0,False,0,0,0,0,34,False
2023-02-24,0,0,0,0,0,False,0,0,0,18,0,False,0,0,0,62,43,False,37,0,0,0,0,False,0,0,0,0,20,False,11,30,11,18,0,False,0,19,0,0,0,False,0,4,0,0,9,False,0,17,0,0,14,False,0,0,0,14,47,False
2023-02-25,0,0,0,0,0,False,0,0,0,0,0,False,0,0,0,42,0,False,0,0,0,0,0,False,0,0,0,14,0,False,0,0,17,0,0,False,0,26,0,0,0,False,0,0,0,0,0,False,0,0,20,0,0,False,0,0,0,17,25,False
2023-02-26,0,0,19,0,18,False,0,67,14,15,17,False,0,0,0,0,21,False,0,0,0,0,18,False,0,0,12,0,25,False,26,0,28,0,0,False,5,24,0,0,0,False,0,7,0,11,0,False,0,0,20,0,0,False,0,46,0,21,0,False
2023-02-27,0,0,0,0,0,False,0,0,20,47,15,False,0,0,0,0,0,False,28,0,0,0,0,False,0,0,0,0,0,False,0,0,13,0,0,False,0,26,0,0,0,False,0,0,0,0,5,False,13,35,0,0,57,False,0,0,0,0,16,False
2023-02-28,0,0,0,0,16,False,13,0,0,0,0,False,0,0,15,0,24,False,30,0,0,29,0,False,0,23,0,0,0,False,20,13,31,0,0,False,4,20,0,0,0,False,0,0,0,9,0,False,0,0,11,0,0,False,0,0,17,10,10,False
2023-03-01,0,0,0,0,0,False,0,11,0,38,0,False,0,0,0,19,0,False,0,25,0,0,0,False,0,0,0,0,0,False,19,0,0,0,0,False,0,19,0,0,0,False,0,0,0,0,0,False,0,0,35,0,0,False,0,34,0,24,12,False
2023-03-02,0,0,0,0,18,False,0,22,0,0,0,False,0,0,0,0,61,False,0,0,0,0,0,False,0,0,0,0,8,False,20,0,0,50,0,False,0,25,0,0,0,False,0,0,0,0,9,False,0,0,0,0,13,False,12,0,0,41,0,False
2023-03-03,20,0,21,26,31,False,0,31,47,18,0,False,0,0,21,0,0,False,40,17,0,47,0,False,0,0,0,0,0,False,0,0,0,0,25,False,0,6,0,0,0,False,0,0,12,0,0,False,0,0,20,0,0,False,0,0,18,0,12,False
2023-03-04,0,50,0,0,0,False,0,0,0,0,17,False,0,22,0,50,0,False,0,0,0,0,61,False,0,0,0,0,0,False,0,0,0,0,0,False,0,14,0,5,0,False,0,0,6,4,0,False,15,0,0,0,0,False,0,31,0,13,0,False
2023-03-05,0,0,0,0,0,False,0,17,13,13,0,False,0,0,0,37,0,False,0,61,0,0,0,False,0,9,0,12,0,False,0,0,0,0,18,False,0,16,0,0,0,False,0,0,5,0,0,False,0,52,0,0,11,False,0,0,0,13,0,False
2023-03-06,0,0,0,0,0,False,16,0,0,0,22,False,0,0,15,60,47,False,0,0,0,0,0,False,0,0,0,0,9,False,16,0,0,0,0,False,0,19,0,0,2,False,0,0,0,0,0,False,13,0,0,0,0,False,9,0,0,10,15,False
2023-03-07,0,0,0,0,27,False,0,17,0,0,0,False,0,0,0,0,0,False,38,36,0,0,47,False,0,0,12,0,0,False,0,0,36,0,16,False,0,16,0,0,0,False,0,0,5,0,0,False,0,0,26,0,0,False,0,0,0,12,0,False
2023-03-08,0,21,0,0,0,False,0,18,0,64,53,False,0,0,0,0,0,False,31,26,0,15,57,False,0,0,0,17,9,False,0,0,16,0,0,False,0,25,0,0,0,False,0,5,0,0,0,False,0,16,18,0,19,False,15,0,0,16,0,False
2023-03-09,0,0,0,0,0,False,0,0,0,24,0,False,0,0,0,0,0,False,19,0,0,0,25,False,0,0,0,0,0,False,0,0,0,0,0,False,0,16,0,0,0,False,13,5,0,0,0,False,0,0,40,0,0,False,0,0,0,0,0,False
2023-03-10,0,33,24,45,0,False,0,20,12,0,0,False,0,0,0,46,0,False,0,0,0,0,0,False,0,0,0,0,10,False,0,0,14,19,0,False,0,21,0,0,0,False,0,0,7,6,0,False,9,10,0,0,0,False,22,0,27,23,0,False
2023-03-11,0,0,0,0,0,False,0,0,0,14,17,False,0,0,0,45,30,False,18,54,0,0,26,False,0,13,0,15,26,False,0,0,0,12,0,False,0,17,0,0,0,False,0,0,0,0,0,False,0,0,11,0,0,False,0,0,38,0,0,False
2023-03-12,0,0,18,29,0,False,0,24,0,0,0,False,0,0,0,0,0,False,50,0,0,0,0,False,0,0,0,0,20,False,0,0,0,0,0,False,5,17,0,0,0,False,0,0,5,0,0,False,10,30,33,0,0,False,0,0,0,16,0,False
2023-03-13,0,44,26,39,0,False,0,0,22,0,0,False,0,0,0,21,26,False,0,0,0,0,0,False,0,8,0,0,0,False,0,14,15,0,0,False,0,17,0,0,0,False,0,0,0,0,0,False,0,0,0,0,0,False,23,11,0,15,10,False
2023-03-14,0,0,0,0,0,False,0,18,0,0,0,False,0,0,0,30,0,False,38,0,0,0,0,False,0,0,0,0,0,False,0,33,0,0,0,False,0,19,0,0,0,False,0,0,0,0,0,False,0,0,0,0,13,False,0,0,0,32,11,False
2023-03-15,0,0,0,0,0,False,15,23,0,0,16,False,0,18,34,62,19,False,23,31,0,0,21,False,0,10,0,9,0,False,30,0,17,0,0,False,0,19,0,0,0,False,0,0,0,7,5,False,0,0,12,0,0,False,0,0,0,18,0,False
2023-03-16,0,0,0,31,0,False,0,0,0,0,23,False,0,0,0,0,0,False,29,0,0,0,0,False,0,0,0,36,39,False,42,14,0,0,14,False,2,18,0,0,0,False,0,0,0,0,6,False,0,0,0,0,0,False,0,0,12,0,10,False
2023-03-17,0,0,0,0,0,False,0,15,0,0,0,False,0,0,0,90,0,False,15,0,0,0,0,False,38,0,14,0,0,False,0,0,26,0,0,False,0,19,0,0,0,False,9,0,6,0,0,False,0,0,10,0,0,False,0,11,0,20,11,False
2023-03-18,0,0,27,0,0,False,16,15,0,0,0,False,0,0,0,53,0,False,0,0,0,0,0,False,0,0,13,20,0,False,0,0,0,0,0,False,0,22,0,0,0,False,0,0,5,0,0,False,11,0,24,0,0,False,0,46,0,0,11,False
2023-03-19,29,0,0,50,0,False,14,34,14,0,13,False,0,0,0,19,0,False,0,0,0,0,0,False,0,0,0,15,0,False,0,0,0,0,0,False,0,15,0,0,0,False,5,0,0,0,0,False,0,0,31,0,11,False,0,0,0,17,0,False
2023-03-20,0,0,73,0,40,False,0,73,0,0,0,False,0,18,0,100,0,False,44,20,0,0,19,False,0,19,0,0,0,False,0,0,0,0,0,False,0,31,0,0,0,False,0,7,0,14,0,False,0,0,17,0,0,False,0,0,0,55,39,False
2023-03-21,0,0,0,0,0,False,0,33,0,34,26,False,0,0,0,44,46,False,41,0,0,0,0,False,14,0,0,25,0,False,0,0,0,0,0,False,0,27,0,5,0,False,0,0,0,0,0,False,0,0,54,0,35,False,0,0,0,0,0,False
2023-03-22,0,35,0,0,0,False,0,29,0,0,0,False,0,0,0,46,0,False,23,0,0,0,0,False,0,0,0,100,0,False,43,0,18,0,48,False,0,18,0,0,3,False,0,0,0,0,0,False,0,0,10,0,0,False,0,0,0,34,0,False
2023-03-23,15,0,0,0,0,False,0,28,0,19,0,False,0,0,0,0,26,False,0,0,0,0,0,False,0,0,0,84,14,False,23,0,0,0,28,False,3,24,0,0,0,False,0,0,0,0,0,False,0,0,0,0,0,False,0,0,0,24,0,False
2023-03-24,0,0,0,0,0,False,0,19,0,0,0,False,0,0,0,39,33,False,0,0,0,25,0,False,0,0,0,12,0,False,0,0,0,0,37,False,0,14,0,0,0,False,0,0,0,0,0,False,0,0,23,0,14,False,0,0,15,18,0,False
2023-03-25,0,0,0,0,0,False,0,0,17,0,0,False,0,0,0,20,0,False,0,23,0,0,28,False,0,10,0,0,0,False,0,0,13,0,0,False,0,11,0,0,0,False,0,0,0,0,0,False,0,0,0,0,0,False,0,0,0,0,0,False
2023-03-26,0,0,18,0,0,False,0,22,13,21,0,False,0,0,0,36,0,False,0,0,0,0,0,False,41,0,0,0,24,False,0,0,28,0,0,False,4,18,0,0,0,False,0,0,0,0,0,False,0,36,0,0,0,False,0,12,0,0,0,False
2023-03-27,0,0,0,0,0,False,0,37,0,41,0,False,0,0,0,38,0,False,27,0,0,0,28,False,0,0,13,0,0,False,11,0,11,0,14,False,0,30,0,0,0,False,0,0,5,7,0,False,0,0,81,0,0,False,0,0,0,0,13,False
2023-03-28,0,0,0,40,0,False,0,0,0,0,0,False,0,0,0,37,0,False,0,28,0,21,0,False,0,0,0,12,0,False,0,0,13,0,0,False,0,20,0,3,0,False,0,10,0,0,0,False,33,21,11,0,0,False,0,0,0,39,0,False
2023-03-29,0,0,0,0,0,False,0,30,0,0,15,False,0,0,0,25,0,False,77,0,0,0,26,False,17,0,0,17,0,False,0,0,23,0,0,False,7,20,0,0,0,False,0,0,0,0,0,False,0,17,44,0,0,False,0,0,0,9,0,False
2023-03-30,0,0,0,0,0,False,0,15,0,0,31,False,0,0,0,30,0,False,0,0,0,0,0,False,0,10,0,0,14,False,0,0,0,0,0,False,0,15,0,0,0,False,0,0,5,0,4,False,0,11,26,0,0,False,0,0,0,28,0,False
2023-03-31,0,0,0,0,0,False,0,22,16,30,0,False,0,0,0,37,24,False,22,0,0,0,26,False,30,0,0,20,0,False,0,0,0,0,34,False,4,25,0,0,0,False,0,0,0,0,0,False,10,0,43,0,21,False,0,0,0,16,17,False
2023-04-01,18,0,0,0,0,False,0,0,0,0,15,False,0,22,0,0,0,False,0,29,0,0,69,False,0,0,0,0,0,False,20,34,0,0,0,False,0,24,0,0,3,False,5,0,4,0,0,False,0,0,24,0,10,False,0,0,20,17,0,False
2023-04-02,0,0,0,0,0,False,0,0,0,0,0,False,0,0,0,38,0,False,18,0,0,0,0,False,0,0,0,0,0,False,0,0,0,16,16,False,4,19,0,0,0,False,0,0,0,0,6,False,0,0,0,0,11,False,0,0,0,0,14,False
2023-04-03,0,0,0,0,0,False,0,0,14,0,0,False,0,25,0,24,0,False,55,24,0,0,0,False,0,0,0,0,0,False,0,0,0,0,10,False,0,16,0,4,0,False,0,4,0,9,8,False,0,0,10,0,0,False,0,0,0,0,0,False
2023-04-04,15,0,0,0,19,False,0,12,0,0,0,False,0,0,0,42,0,False,32,0,0,0,0,False,0,0,0,0,0,False,17,0,0,0,0,False,0,18,0,7,0,False,0,0,0,0,0,False,0,0,0,0,0,False,0,0,0,14,12,False
2023-04-05,0,0,0,0,19,False,0,16,24,27,0,False,0,0,0,88,0,False,0,0,0,0,0,False,22,0,0,13,0,False,0,0,0,0,0,False,0,19,0,0,0,False,7,0,0,0,0,False,18,19,10,0,15,False,0,0,0,0,18,False
2023-04-06,0,0,32,0,0,False,0,0,0,0,0,False,0,0,15,0,20,False,19,35,0,94,0,False,0,0,0,17,0,False,0,0,0,0,39,False,3,8,0,0,0,False,4,0,0,12,0,False,0,0,0,0,0,False,0,12,0,0,0,False
2023-04-07,0,28,0,0,0,False,0,0,0,39,41,False,0,0,0,41,87,False,0,0,0,0,0,False,0,0,0,22,0,False,0,100,13,12,0,False,7,22,0,6,0,False,0,0,0,0,0,False,0,20,0,0,0,False,0,0,0,15,27,False
2023-04-08,0,17,0,0,0,False,0,0,0,31,0,False,0,0,0,24,0,False,0,0,0,0,0,False,17,0,0,0,21,False,0,0,38,0,32,False,0,19,0,0,0,False,4,0,0,0,0,False,0,16,36,0,0,False,0,0,0,20,0,False
2023-04-09,0,0,0,22,0,False,0,0,0,0,0,False,0,0,0,0,24,False,21,25,0,0,0,False,0,13,0,0,0,False,0,0,0,0,0,False,0,23,0,7,10,False,0,0,0,0,5,False,11,0,42,0,14,False,53,0,0,35,11,False
2023-04-10,0,0,0,0,0,False,0,23,0,21,0,False,0,0,0,32,0,False,0,43,0,0,98,False,12,0,23,0,0,False,0,0,38,0,31,False,0,23,0,0,0,False,0,7,0,0,0,False,0,0,0,0,11,False,0,0,0,17,35,False
2023-04-11,0,0,0,0,0,False,0,0,29,14,0,False,0,0,13,28,33,False,28,36,0,0,26,False,0,0,0,0,0,False,0,35,20,12,0,False,2,42,0,0,0,False,11,0,0,4,0,False,0,0,14,0,19,False,0,15,29,33,25,False
2023-04-12,0,0,31,0,0,False,0,14,0,38,0,False,0,0,43,14,41,False,31,46,0,0,0,False,0,0,0,0,9,False,11,26,0,0,0,False,0,24,0,0,0,False,0,4,0,0,15,False,0,0,19,0,0,False,14,16,0,33,0,False
2023-04-13,0,0,13,0,0,False,0,0,0,0,0,False,0,0,0,27,0,False,0,0,0,0,43,False,0,0,24,0,0,False,0,0,0,0,0,False,0,29,0,0,8,False,0,0,0,7,0,False,0,0,40,0,12,False,32,0,0,14,16,False
2023-04-14,15,0,0,0,23,False,0,21,0,0,0,False,0,0,0,32,0,False,55,0,0,21,25,False,0,10,9,60,0,False,0,0,0,0,0,False,0,31,0,0,0,False,0,0,0,16,0,False,0,0,44,0,0,False,0,0,35,14,0,False
2023-04-15,0,17,44,22,0,False,0,23,0,56,0,False,0,25,0,0,27,False,34,0,0,22,23,False,0,0,0,63,0,False,11,15,0,0,0,False,0,14,0,6,3,False,0,0,0,0,0,False,0,0,0,0,11,False,0,0,14,0,0,False
2023-04-16,0,0,33,0,0,False,17,0,0,0,0,False,0,0,0,65,0,False,82,0,0,0,52,False,12,0,12,45,11,False,0,16,0,0,0,False,3,23,0,0,0,False,0,0,0,0,0,False,0,0,24,0,38,False,0,0,28,29,0,False
2023-04-17,0,0,18,0,0,False,21,16,0,0,12,False,0,0,0,20,39,False,57,0,0,0,0,False,0,0,9,0,0,False,0,0,0,0,0,False,0,31,0,0,0,False,0,0,0,0,0,False,0,0,0,0,0,False,0,0,0,23,11,False
2023-04-18,14,0,0,18,0,False,0,13,12,0,0,False,0,0,39,65,0,False,41,0,0,19,22,False,0,27,20,23,0,False,0,0,0,0,0,False,0,22,0,3,0,False,0,0,15,0,0,False,0,0,29,0,0,False,0,11,0,57,0,False
2023-04-19,0,0,15,0,0,False,0,13,0,0,0,False,0,0,0,80,0,False,68,0,0,31,23,False,0,0,0,20,0,False,0,0,0,0,0,False,0,29,0,0,0,False,0,0,0,0,0,False,0,14,9,0,0,False,0,0,0,28,13,False
2023-04-20,0,22,0,55,0,False,0,24,0,33,0,False,0,0,38,48,0,False,87,0,0,0,0,False,48,0,0,16,12,False,0,19,0,0,0,False,0,21,0,0,5,False,4,0,0,0,0,False,0,0,17,0,0,False,0,0,17,0,11,False
2023-04-21,0,0,0,0,0,False,59,0,0,0,0,False,0,0,16,32,0,False,32,0,0,37,49,False,0,0,0,0,0,False,38,0,0,0,0,False,3,32,0,0,0,False,0,0,0,0,0,False,0,0,24,0,0,False,36,12,0,26,0,False
2023-04-22,22,0,0,0,0,False,15,0,0,61,0,False,0,0,0,34,0,False,0,0,0,0,0,False,21,0,0,0,27,False,0,0,17,0,0,False,0,14,0,6,0,False,0,0,0,0,0,False,0,0,11,0,0,False,15,0,37,0,0,False
2023-04-23,0,0,0,0,0,False,0,49,23,0,0,False,0,0,0,50,26,False,59,0,0,26,0,False,11,15,0,0,0,False,0,20,0,24,0,False,0,21,0,0,0,False,0,0,0,0,0,False,0,21,0,0,0,False,41,0,19,0,0,False
2023-04-24,0,23,0,0,38,False,0,23,0,0,0,False,0,0,0,0,0,False,69,0,0,0,0,False,0,0,0,18,0,False,14,0,0,0,0,False,0,22,0,0,0,False,0,0,0,0,0,False,11,0,0,0,0,False,34,14,0,38,0,False
2023-04-25,39,27,0,25,0,False,0,23,0,0,0,False,0,0,22,43,22,False,48,38,0,0,0,False,0,8,0,0,0,False,51,0,0,18,0,False,4,24,0,0,0,False,0,0,0,0,0,False,0,30,21,0,0,False,0,0,0,32,14,False
2023-04-26,0,0,0,0,0,False,48,0,0,17,49,False,0,0,0,73,0,False,51,77,0,0,0,False,13,8,0,0,0,False,0,0,33,0,0,False,0,20,0,3,3,False,0,0,0,0,16,False,0,0,38,0,0,False,16,0,0,0,0,False
2023-04-27,0,0,0,0,0,False,0,19,0,0,0,False,0,0,0,35,0,False,25,0,0,0,0,False,0,12,0,36,0,False,0,0,0,18,11,False,0,19,0,0,0,False,4,0,0,0,5,False,0,47,38,0,0,False,15,0,0,18,18,False
2023-04-28,0,23,0,0,0,False,19,0,0,0,0,False,0,0,0,39,0,False,44,0,0,0,0,False,0,13,0,10,0,False,0,17,0,34,0,False,0,16,0,0,0,False,0,4,0,0,12,False,34,0,0,0,0,False,59,0,0,0,0,False
2023-04-29,0,22,0,0,0,False,0,0,0,0,0,False,0,0,45,0,0,False,0,0,0,0,25,False,36,0,0,28,0,False,0,0,0,0,0,False,0,28,0,3,0,False,0,0,7,11,0,False,11,0,0,0,0,False,86,22,0,0,0,False
2023-04-30,0,0,0,42,0,False,16,0,0,0,0,False,0,0,0,38,0,False,0,0,0,0,25,False,25,10,0,0,0,False,0,20,16,0,14,False,0,20,0,0,0,False,0,0,0,0,0,False,0,0,0,0,11,False,12,29,0,13,0,False
2023-05-01,0,19,0,0,0,False,0,0,0,0,44,False,0,25,0,33,41,False,33,0,0,0,16,False,0,0,0,0,0,False,0,0,0,0,0,False,5,19,0,0,0,False,4,0,6,0,4,False,0,0,44,0,16,False,13,0,0,15,0,False
2023-05-02,43,13,0,0,16,False,0,15,0,0,0,False,0,0,0,41,0,False,47,0,0,18,0,False,0,0,0,16,14,False,0,0,0,0,0,False,0,17,0,0,5,False,0,0,0,0,0,False,0,0,24,0,0,False,17,16,0,31,0,False
2023-05-03,0,0,0,0,0,False,0,23,0,0,0,False,0,0,0,44,0,False,51,0,0,0,0,False,0,0,0,0,28,False,0,0,0,19,0,False,0,12,0,0,3,False,0,0,0,0,0,False,20,14,41,0,0,False,0,11,34,0,0,False
2023-05-04,0,16,0,0,0,False,0,11,0,30,0,False,0,0,0,0,25,False,33,0,0,0,0,False,0,0,12,10,0,False,0,0,10,0,0,False,0,8,0,0,0,False,0,13,8,0,0,False,0,0,10,0,0,False,0,0,0,0,10,False
2023-05-05,0,0,0,0,0,False,0,0,0,27,0,False,0,0,0,15,17,False,50,0,0,0,25,False,0,0,0,0,0,False,0,0,0,0,0,False,0,24,0,5,0,False,13,0,0,7,0,False,0,0,0,0,10,False,16,0,37,15,12,False
2023-05-06,0,0,0,0,0,False,0,0,0,22,0,False,0,0,0,25,31,False,0,0,0,0,0,False,0,0,0,0,0,False,0,0,0,0,0,False,0,15,0,0,5,False,0,0,0,0,0,False,0,0,0,0,13,False,27,0,11,13,0,False
2023-05-07,0,0,0,0,0,False,0,0,0,14,0,False,0,0,25,0,29,False,26,0,0,0,0,False,0,23,27,11,0,False,0,31,0,12,0,False,0,9,0,0,0,False,0,5,8,0,12,False,0,0,14,0,0,False,0,16,25,17,27,False
2023-05-08,0,0,18,0,0,False,15,24,0,0,0,False,0,44,0,0,0,False,18,0,0,24,0,False,0,0,0,0,11,False,21,0,0,0,0,False,0,17,0,0,0,False,9,0,0,0,0,False,0,23,0,0,0,False,0,10,43,15,0,False
2023-05-09,0,0,0,0,0,False,0,25,0,25,13,False,0,0,0,0,14,False,72,19,0,0,0,False,0,0,16,0,0,False,0,0,19,18,0,False,0,13,0,0,0,False,9,0,0,0,0,False,17,0,28,0,0,False,0,0,0,0,0,False
2023-05-10,0,0,0,0,0,False,0,13,18,18,0,False,0,0,24,14,18,False,30,23,0,0,0,False,11,0,0,0,0,False,0,0,32,0,0,False,0,17,0,0,0,False,0,0,0,0,4,False,10,0,15,0,24,False,0,0,0,23,0,False
2023-05-11,0,20,0,0,0,False,0,34,0,0,0,False,0,0,0,0,0,False,35,60,0,0,0,False,0,0,0,0,12,False,16,54,0,0,0,False,0,22,0,0,0,False,4,0,0,12,11,False,0,16,31,0,0,False,17,0,0,21,11,False
2023-05-12,37,0,26,18,0,False,0,24,0,16,0,False,0,27,0,0,0,False,41,0,0,0,0,False,0,0,0,0,0,False,0,12,0,26,0,False,0,16,0,6,3,False,0,0,4,0,0,False,0,21,13,0,0,False,0,0,18,13,0,False
2023-05-13,0,0,0,0,0,False,0,0,18,0,0,False,0,0,0,0,0,False,0,29,0,23,0,False,0,0,0,10,0,False,0,0,0,41,0,False,0,8,0,0,5,False,0,5,0,0,5,False,0,0,0,0,0,False,13,19,37,0,0,False
2023-05-14,0,0,0,0,49,False,0,0,0,0,0,False,0,58,0,0,0,False,44,0,0,0,0,False,0,11,0,0,11,False,0,22,0,0,0,False,10,10,0,0,0,False,6,0,0,0,0,False,17,0,0,0,0,False,0,0,0,0,65,False
2023-05-15,16,0,0,19,0,False,26,26,0,0,0,False,0,0,0,21,0,False,34,0,0,0,0,False,0,0,0,0,0,False,0,0,0,23,0,False,0,19,0,0,2,False,0,4,0,0,0,False,0,0,23,0,0,False,0,0,0,0,11,False
2023-05-16,0,0,0,0,16,False,0,11,0,21,0,False,0,0,0,29,18,False,35,0,0,0,0,False,0,17,0,0,0,False,0,16,10,17,0,False,0,9,0,0,0,False,0,0,0,0,0,False,21,0,29,0,0,False,0,13,0,13,0,False
2023-05-17,13,0,36,0,14,False,13,0,17,0,0,False,0,39,0,27,32,False,51,0,0,0,37,False,8,0,0,0,0,False,0,0,0,0,17,False,0,8,0,4,0,False,0,0,0,4,0,False,20,0,20,0,0,False,0,0,23,0,0,False
2023-05-18,0,0,21,0,0,False,0,16,0,26,0,False,0,0,0,58,27,False,0,28,0,0,0,False,0,0,0,0,0,False,0,0,53,0,22,False,0,19,0,0,0,False,6,0,0,7,0,False,0,0,0,0,0,False,0,0,0,0,0,False
2023-05-19,0,36,0,0,0,False,0,0,17,25,0,False,0,31,0,21,0,False,22,34,0,0,0,False,0,0,0,14,0,False,0,0,0,0,0,False,0,10,0,2,0,False,13,0,0,7,0,False,13,12,27,0,0,False,19,0,0,21,0,False
2023-05-20,0,0,0,0,0,False,0,14,0,16,23,False,0,0,0,0,0,False,56,0,0,0,17,False,0,20,0,0,0,False,0,0,0,0,68,False,0,10,0,0,0,False,0,0,0,0,5,False,18,0,0,0,0,False,0,0,0,15,0,False
2023-05-21,16,0,17,28,0,False,0,0,0,12,31,False,0,0,0,23,0,False,17,24,0,19,0,False,0,0,0,0,0,False,0,0,0,12,0,False,0,7,0,0,0,False,0,0,0,0,4,False,0,0,0,0,0,False,17,0,0,0,0,False
2023-05-22,0,0,0,0,0,False,15,48,0,20,0,False,0,0,0,17,0,False,0,23,0,0,0,False,0,0,0,9,0,False,0,0,0,0,0,False,0,21,0,0,0,False,0,0,0,0,0,False,14,19,28,0,12,False,0,0,0,0,0,False
2023-05-23,0,0,34,0,0,False,0,0,15,16,0,False,0,0,24,25,26,False,0,0,0,0,0,False,0,0,0,0,0,False,0,0,0,0,0,False,3,22,0,2,0,False,0,0,0,0,0,False,21,0,0,0,0,False,0,0,0,34,0,False
2023-05-24,0,20,0,0,0,False,0,20,0,0,0,False,0,0,14,29,0,False,38,0,0,0,0,False,0,0,23,0,0,False,0,0,0,0,29,False,5,18,0,0,3,False,0,0,0,0,0,False,0,0,0,0,18,False,11,0,0,0,0,False
2023-05-25,0,0,0,0,19,False,0,0,0,0,0,False,0,0,0,53,0,False,31,0,0,0,0,False,0,23,0,0,0,False,0,11,19,0,0,False,0,19,0,2,0,False,16,0,0,0,24,False,0,0,0,0,0,False,0,24,0,0,13,False
2023-05-26,0,0,0,0,20,False,0,0,20,0,21,False,0,20,0,0,0,False,0,17,0,0,31,False,0,0,0,0,0,False,45,0,14,0,0,False,0,0,0,0,0,False,5,0,0,0,0,False,0,0,0,0,0,False,0,0,0,0,0,False
2023-05-27,0,0,0,0,0,False,0,0,15,0,0,False,0,0,0,0,21,False,52,0,0,0,0,False,0,0,0,0,0,False,0,0,29,11,0,False,0,10,0,0,0,False,0,0,0,0,0,False,0,0,21,0,0,False,0,0,0,0,17,False
2023-05-28,0,0,0,0,0,False,0,17,0,0,54,False,0,16,0,19,0,False,0,0,0,0,0,False,20,0,0,0,0,False,29,0,0,26,0,False,3,13,0,0,0,False,4,0,0,0,0,False,0,0,18,0,16,False,0,37,0,0,19,False
2023-05-29,0,37,0,0,0,False,0,0,0,23,0,False,0,0,0,61,27,False,0,0,0,0,21,False,0,0,9,0,0,False,0,0,26,0,0,False,0,19,0,0,0,False,0,0,0,0,4,False,0,0,0,0,0,False,14,0,0,39,16,False
2023-05-30,0,0,0,0,20,False,0,0,11,13,0,False,0,0,35,28,0,False,0,0,0,0,0,False,0,0,0,0,0,False,0,0,22,0,0,False,2,16,0,0,0,False,0,4,4,0,0,False,0,0,28,0,0,False,0,16,19,17,0,False
2023-05-31,0,21,12,0,0,False,0,27,12,0,31,False,0,0,46,32,0,False,0,0,0,26,18,False,12,0,11,12,0,False,0,11,0,0,0,False,0,24,0,0,5,False,0,0,0,0,0,False,23,0,13,0,0,False,0,13,14,0,0,False
2023-06-01,0,0,0,0,0,False,0,0,0,0,0,False,0,0,0,68,72,False,19,0,0,48,0,False,0,9,0,0,0,False,0,29,24,0,14,False,0,7,0,3,0,False,0,0,0,0,5,False,0,0,17,0,14,False,0,10,0,0,0,False
2023-06-02,0,0,0,0,0,False,0,16,33,0,0,False,0,0,0,0,0,False,28,34,0,54,25,False,0,0,0,13,0,False,22,0,0,19,14,False,0,14,0,0,0,False,0,0,0,0,0,False,19,0,0,0,0,False,0,11,0,0,0,False
2023-06-03,52,0,0,0,0,False,22,0,0,18,0,False,0,0,0,23,0,False,60,0,0,39,0,False,0,0,0,0,13,False,0,18,0,18,23,False,0,16,0,0,0,False,0,0,0,0,0,False,0,40,0,0,17,False,26,0,0,0,20,False
2023-06-04,0,0,0,0,37,False,26,13,0,0,0,False,0,0,0,0,45,False,0,0,0,0,41,False,0,0,22,0,0,False,0,0,0,25,0,False,0,23,0,0,0,False,0,0,9,0,0,False,0,0,0,0,0,False,0,0,0,15,0,False
2023-06-05,22,0,34,0,0,False,30,28,0,17,0,False,0,0,18,26,0,False,72,0,0,0,0,False,0,0,0,0,0,False,0,20,15,0,54,False,0,20,0,0,0,False,0,0,0,0,17,False,0,0,0,0,0,False,26,13,23,28,0,False
2023-06-06,0,24,13,0,0,False,16,18,0,24,0,False,0,0,20,31,0,False,25,0,0,0,0,False,0,0,0,0,12,False,0,0,19,0,0,False,0,14,0,0,0,False,0,0,0,0,0,False,17,0,11,0,0,False,11,0,0,0,37,False
2023-06-07,0,0,0,0,0,False,0,0,16,13,0,False,0,0,0,20,23,False,34,0,0,0,21,False,0,0,0,0,0,False,0,0,0,0,0,False,0,15,0,2,0,False,0,8,12,0,0,False,0,0,0,0,0,False,0,0,0,0,0,False
2023-06-08,0,0,0,29,27,False,27,17,0,32,0,False,0,0,0,14,27,False,15,0,0,0,0,False,0,0,38,0,11,False,0,18,13,21,0,False,0,24,0,0,0,False,0,0,0,4,0,False,0,0,28,0,0,False,0,0,0,0,0,False
2023-06-09,0,14,0,0,0,False,0,0,0,28,13,False,0,0,23,0,43,False,37,0,0,0,33,False,0,0,12,0,15,False,0,0,17,0,11,False,0,28,0,0,2,False,0,0,0,0,15,False,0,0,23,0,0,False,0,12,0,0,0,False
2023-06-10,0,0,27,0,0,False,0,26,0,0,0,False,0,0,0,21,27,False,63,0,0,0,35,False,0,0,0,21,0,False,0,0,0,14,14,False,0,46,0,3,0,False,0,13,0,0,0,False,0,0,0,0,0,False,0,0,14,0,0,False
2023-06-11,0,0,0,0,0,False,0,0,0,12,0,False,0,0,0,0,0,False,0,0,0,0,0,False,0,0,0,11,14,False,32,0,28,0,0,False,0,22,0,0,0,False,0,5,0,6,0,False,0,0,19,0,0,False,0,0,0,11,0,False
2023-06-12,0,0,0,39,37,False,0,0,0,28,0,False,0,0,0,0,0,False,79,0,0,20,17,False,11,0,0,0,0,False,0,0,0,0,0,False,3,24,0,0,0,False,0,4,0,4,0,False,0,0,0,0,14,False,0,0,25,0,0,False
2023-06-13,0,0,0,0,0,False,0,0,0,26,0,False,0,0,0,79,0,False,0,0,0,28,0,False,11,0,0,0,0,False,0,10,11,0,0,False,0,23,0,0,0,False,0,0,0,0,4,False,0,14,0,0,22,False,0,0,0,9,0,False
2023-06-14,0,0,0,0,0,False,0,0,16,0,0,False,0,0,0,0,0,False,38,0,0,0,0,False,9,0,0,0,0,False,0,12,0,0,0,False,0,16,0,0,0,False,6,0,0,0,5,False,0,0,19,0,0,False,16,0,19,0,0,False
2023-06-15,0,0,0,0,0,False,0,11,0,0,0,False,0,14,0,32,0,False,69,0,0,23,0,False,0,0,0,0,23,False,0,0,0,0,0,False,0,12,0,0,0,False,0,9,0,0,0,False,0,0,17,0,0,False,0,0,24,0,13,False
2023-06-16,0,16,0,0,0,False,0,20,24,22,0,False,0,0,0,0,0,False,0,17,0,0,16,False,17,0,0,0,0,False,0,0,0,0,0,False,0,2,0,0,0,False,0,0,0,4,0,False,29,11,0,0,0,False,0,33,0,25,0,False
2023-06-17,0,0,0,0,0,False,0,17,0,0,0,False,0,0,28,0,0,False,0,0,0,0,0,False,0,0,0,13,0,False,12,0,12,18,12,False,6,12,0,3,0,False,6,0,0,0,0,False,31,0,0,0,14,False,0,16,0,12,0,False
2023-06-18,100,0,19,27,0,False,30,0,0,0,0,False,0,0,0,34,0,False,61,0,0,0,28,False,0,0,0,12,13,False,13,0,14,31,14,False,0,15,0,0,8,False,0,0,0,0,12,False,0,0,0,0,0,False,0,19,11,0,0,False
2023-06-19,0,0,0,0,0,False,0,33,0,0,0,False,0,0,0,0,0,False,0,0,0,0,0,False,0,0,13,22,16,False,11,0,0,0,0,False,0,16,0,0,0,False,0,0,0,0,0,False,0,0,0,0,0,False,0,0,10,0,17,False
2023-06-20,0,0,0,0,37,False,16,0,67,11,0,False,0,0,0,0,19,False,0,0,0,0,0,False,0,12,0,0,12,False,0,10,0,0,10,False,0,15,0,0,0,False,0,0,9,0,0,False,0,0,17,0,0,False,0,0,0,0,11,False
2023-06-21,0,0,0,0,0,False,0,33,0,0,0,False,0,0,0,0,0,False,0,0,0,0,16,False,0,11,0,0,0,False,14,0,0,0,20,False,0,16,0,0,0,False,0,4,0,0,4,False,0,0,0,0,0,False,39,0,0,0,0,False
2023-06-22,0,0,0,0,0,False,0,0,0,29,13,False,0,0,0,23,0,False,0,35,0,0,0,False,0,15,0,0,0,False,0,0,23,0,0,False,0,18,0,3,0,False,0,0,5,0,0,False,0,0,23,0,0,False,0,0,0,0,0,False
2023-06-23,0,15,0,32,23,False,0,0,19,62,14,False,0,0,0,0,0,False,49,0,0,0,31,False,17,0,0,0,0,False,0,0,0,0,0,False,0,6,0,3,0,False,8,0,0,5,4,False,0,0,0,0,0,False,0,0,0,32,34,False
2023-06-24,0,0,25,15,15,False,0,0,0,18,15,False,0,0,0,0,17,False,29,0,0,0,33,False,0,0,15,0,0,False,22,0,11,0,0,False,0,9,0,0,0,False,0,0,0,0,0,False,0,0,0,0,0,False,0,15,0,20,38,False
2023-06-25,0,23,0,17,0,False,0,17,0,0,0,False,0,0,0,25,74,False,0,31,0,0,65,False,0,0,0,0,10,False,0,22,21,0,0,False,0,27,0,0,4,False,0,0,0,0,0,False,0,0,63,0,0,False,19,0,0,0,0,False
2023-06-26,0,0,0,0,0,False,0,0,0,0,36,False,0,0,0,0,0,False,48,0,0,0,0,False,14,0,0,0,0,False,0,0,0,17,0,False,0,12,0,0,0,False,0,0,0,0,0,False,16,0,19,0,0,False,0,0,0,0,33,False
2023-06-27,0,18,0,0,0,False,0,0,0,19,0,False,0,24,0,0,18,False,0,0,0,0,0,False,0,0,0,0,0,False,0,48,24,0,0,False,0,14,0,0,6,False,6,0,0,0,5,False,0,0,22,0,0,False,0,0,0,0,0,False
2023-06-28,0,0,0,16,0,False,0,0,38,17,0,False,0,0,0,20,35,False,0,0,0,0,34,False,0,0,25,0,0,False,0,19,0,0,13,False,0,11,0,4,0,False,0,0,0,0,0,False,0,0,0,0,0,False,0,88,0,0,0,False
2023-06-29,0,0,0,28,0,False,0,0,0,0,14,False,0,0,75,0,0,False,18,29,0,0,0,False,0,0,0,0,0,False,26,0,0,0,0,False,0,22,0,0,0,False,0,0,6,0,11,False,0,0,0,0,0,False,0,0,0,0,0,False
2023-06-30,0,0,0,37,0,False,24,15,28,0,0,False,0,0,0,0,0,False,23,43,0,0,0,False,0,0,29,0,0,False,26,0,0,0,0,False,0,16,0,0,0,False,0,0,0,0,0,False,0,0,0,0,0,False,0,0,0,0,0,False
2023-07-01,0,0,0,0,0,False,0,0,0,0,23,False,0,0,29,0,0,False,28,0,0,0,55,False,0,24,0,10,0,False,0,0,0,0,0,False,0,14,0,3,0,False,0,0,17,0,0,False,21,0,0,0,17,False,0,25,0,0,13,False
2023-07-02,0,0,0,0,21,False,0,0,0,0,21,False,0,0,25,18,0,False,39,0,0,0,24,False,0,9,0,15,0,False,0,0,0,0,63,False,6,16,0,4,0,False,6,0,0,0,0,False,0,0,44,0,0,False,0,0,0,0,0,False
2023-07-03,0,0,0,0,18,False,0,21,0,0,0,False,0,27,0,0,0,False,27,0,0,0,21,False,13,19,0,0,18,False,20,0,0,0,0,False,0,20,0,3,0,False,42,0,0,0,0,False,0,13,22,0,0,False,0,83,0,12,14,False
2023-07-04,0,0,0,14,0,False,0,0,22,0,15,False,0,0,0,0,15,False,0,0,0,16,24,False,13,0,0,0,0,False,39,0,0,34,0,False,0,4,0,9,0,False,31,0,0,0,12,False,0,0,34,0,0,False,0,36,0,0,22,False
2023-07-05,0,19,0,0,0,False,0,14,0,20,0,False,0,0,0,16,0,False,18,27,0,19,0,False,0,9,24,0,0,False,0,0,0,0,15,False,4,10,0,0,0,False,9,0,0,0,6,False,0,0,0,0,0,False,0,9,22,11,13,False
2023-07-06,0,0,0,0,0,False,0,13,0,12,0,False,0,0,0,17,0,False,48,0,0,23,0,False,0,0,9,0,0,False,0,0,0,0,0,False,0,23,0,0,6,False,9,0,0,0,0,False,0,17,0,0,9,False,22,0,0,0,0,False
2023-07-07,0,0,0,0,0,False,0,0,0,0,0,False,0,0,20,37,0,False,35,29,0,0,0,False,0,0,0,0,18,False,18,0,0,0,0,False,0,15,0,0,0,False,13,0,17,0,0,False,19,0,0,0,0,False,0,29,0,0,0,False
2023-07-08,0,0,36,0,0,False,0,0,0,0,0,False,0,40,0,23,0,False,38,0,0,0,0,False,55,0,18,0,0,False,0,0,0,13,14,False,0,28,0,5,0,False,13,0,17,0,12,False,0,0,22,0,0,False,0,12,0,0,0,False
2023-07-09,0,19,0,0,0,False,42,0,0,0,0,False,0,0,0,38,0,False,0,0,0,0,35,False,17,0,0,0,0,False,0,21,30,0,0,False,0,30,0,0,0,False,12,0,0,0,0,False,16,0,0,0,0,False,13,39,34,0,0,False
2023-07-10,14,18,0,0,14,False,0,0,0,26,0,False,0,0,0,20,0,False,23,0,0,0,0,False,0,0,19,0,13,False,0,12,0,0,17,False,0,19,0,0,0,False,7,0,0,0,36,False,0,0,0,0,16,False,0,0,0,0,0,False
2023-07-11,0,0,0,0,0,False,0,13,0,0,0,False,0,0,0,0,0,False,0,0,0,0,0,False,16,0,0,0,0,False,14,0,0,0,0,False,0,19,0,0,5,False,8,0,0,0,28,False,22,0,0,0,0,False,0,17,0,0,0,False
2023-07-12,0,0,0,0,0,False,0,15,0,22,0,False,0,0,0,27,45,False,0,0,0,0,0,False,0,0,0,0,0,False,0,0,0,0,0,False,0,20,0,0,0,False,0,4,0,0,18,False,0,0,18,0,0,False,18,0,0,0,0,False
2023-07-13,0,0,0,0,0,False,39,15,0,28,0,False,0,56,0,0,0,False,38,0,0,0,0,False,15,0,0,0,0,False,0,0,0,0,0,False,0,28,0,0,0,False,4,0,0,5,29,False,0,0,0,0,11,False,0,0,0,12,0,False
2023-07-14,0,0,0,0,0,False,0,26,0,26,0,False,0,0,0,0,33,False,67,0,0,0,0,False,0,16,10,0,0,False,0,35,0,12,0,False,0,58,0,0,4,False,22,0,0,0,12,False,33,25,16,0,0,False,0,44,0,0,0,False
2023-07-15,0,0,0,0,0,False,0,0,20,15,0,False,0,0,0,27,0,False,23,0,0,0,0,False,22,0,0,0,0,False,0,0,0,0,0,False,0,33,0,0,0,False,0,10,0,0,12,False,0,0,25,0,0,False,0,32,0,0,0,False
2023-07-16,0,41,0,0,0,False,0,0,19,38,73,False,0,0,0,0,0,False,28,0,0,0,23,False,0,23,25,10,35,False,0,0,27,0,19,False,0,26,0,5,0,False,0,0,5,0,23,False,0,0,0,0,0,False,15,0,0,0,0,False
2023-07-17,0,0,0,17,0,False,20,0,0,0,16,False,0,0,0,0,0,False,53,0,0,0,0,False,10,0,0,22,0,False,0,0,0,0,0,False,6,26,0,0,0,False,20,4,0,0,30,False,13,0,0,0,0,False,58,0,0,0,19,False
2023-07-18,0,0,0,0,27,False,0,0,0,26,0,False,0,0,0,36,0,False,0,0,0,0,0,False,0,0,0,0,0,False,0,0,0,0,41,False,0,21,0,0,0,False,0,0,0,0,100,False,0,16,25,0,28,False,0,0,0,12,0,False
2023-07-19,0,18,0,25,0,False,0,0,0,0,61,False,0,0,0,27,0,False,51,43,0,0,17,False,0,0,0,0,0,False,27,0,0,0,12,False,0,18,0,0,3,False,0,0,11,0,48,False,0,0,0,0,0,False,0,0,22,0,0,False
2023-07-20,18,0,0,16,21,False,0,0,0,29,0,False,0,0,0,36,0,False,32,0,0,0,0,False,9,29,0,0,0,False,0,0,0,0,0,False,0,18,0,6,0,False,0,0,0,4,21,False,0,0,19,0,0,False,0,0,0,11,0,False
2023-07-21,43,14,21,0,0,False,0,0,24,0,0,False,0,0,18,0,30,False,39,0,0,0,0,False,19,0,0,18,0,False,0,34,58,0,0,False,0,22,0,6,0,False,16,0,0,0,15,False,0,0,0,0,0,False,34,0,0,0,0,False
2023-07-22,0,0,0,26,0,False,0,0,31,26,0,False,0,0,0,0,0,False,0,28,0,0,0,False,0,0,0,44,29,False,0,0,0,0,0,False,0,18,0,0,0,False,0,0,0,0,28,False,0,0,13,0,0,False,16,13,13,0,0,False
2023-07-23,0,93,0,35,0,False,0,0,0,26,0,False,0,0,0,0,0,False,0,63,0,0,0,False,0,0,0,0,0,False,0,0,0,32,0,False,0,23,0,0,0,False,0,0,0,0,21,False,0,0,12,0,18,False,0,0,0,0,0,False
2023-07-24,0,27,0,0,36,False,14,27,0,0,0,False,0,0,0,0,22,False,0,0,0,18,46,False,28,0,15,0,0,False,18,35,0,0,0,False,0,17,0,0,3,False,0,0,0,0,12,False,0,0,24,0,0,False,10,0,0,0,0,False
2023-07-25,0,28,0,14,0,False,0,21,0,0,0,False,0,0,0,0,0,False,0,0,0,32,0,False,0,0,18,0,48,False,0,27,0,0,13,False,4,17,0,3,0,False,0,0,0,0,19,False,0,0,12,0,11,False,11,0,0,0,0,False
2023-07-26,0,39,16,19,17,False,0,41,0,0,0,False,0,0,0,0,0,False,59,0,0,0,19,False,0,20,0,0,10,False,0,0,0,0,11,False,0,22,0,3,0,False,0,0,0,0,15,False,0,0,0,0,0,False,0,25,0,0,12,False
2023-07-27,0,42,0,0,0,False,15,22,0,16,0,False,0,16,0,0,0,False,22,50,0,29,38,False,0,0,0,0,0,False,0,0,0,0,15,False,0,16,0,3,9,False,0,7,0,0,5,False,0,0,11,0,0,False,0,12,0,0,0,False
2023-07-28,0,23,0,0,22,False,0,39,0,0,0,False,0,0,0,20,0,False,40,0,0,46,0,False,0,0,0,35,33,False,0,12,12,0,0,False,0,15,0,0,0,False,0,0,12,5,0,False,0,0,24,0,0,False,0,15,0,0,0,False
2023-07-29,0,40,0,0,0,False,15,30,0,0,0,False,0,0,0,0,0,False,0,0,0,0,0,False,0,0,11,0,0,False,0,0,0,0,0,False,5,23,0,0,4,False,5,0,0,0,19,False,0,0,14,0,0,False,0,0,0,0,0,False
2023-07-30,0,46,0,0,0,False,36,100,0,0,0,False,0,0,0,0,0,False,45,0,0,0,45,False,0,0,13,0,0,False,0,13,0,0,0,False,0,11,0,0,0,False,0,0,7,0,9,False,0,0,37,0,0,False,0,16,0,0,14,False
2023-07-31,18,18,33,0,0,False,17,0,0,26,66,False,0,0,0,21,0,False,33,0,0,42,38,False,16,23,22,23,0,False,0,13,0,22,0,False,0,20,0,0,3,False,0,6,0,0,4,False,0,0,0,0,0,False,0,0,0,0,0,False
2023-08-01,0,0,0,0,0,False,0,0,0,15,24,False,0,15,0,0,0,False,0,0,0,0,0,False,0,0,0,0,18,False,0,0,0,0,22,False,0,14,0,0,0,False,0,0,5,0,9,False,0,0,0,0,11,False,0,0,0,0,0,False
2023-08-02,0,17,0,0,17,False,0,21,0,0,0,False,0,0,0,81,0,False,0,54,0,0,0,False,0,0,12,18,0,False,0,0,0,19,0,False,0,17,0,0,0,False,0,0,0,0,0,False,0,0,15,0,16,False,0,0,30,14,0,False
2023-08-03,17,66,0,0,33,False,0,0,0,19,0,False,0,0,19,0,29,False,42,0,0,17,0,False,0,21,16,0,41,False,0,28,0,0,15,False,0,12,0,6,0,False,0,0,0,0,4,False,0,10,24,0,12,False,0,0,0,0,16,False
2023-08-04,0,0,0,0,0,False,0,0,0,0,0,False,0,0,0,32,35,False,0,0,0,0,0,False,0,29,10,0,0,False,0,0,13,0,0,False,0,11,0,0,0,False,0,0,0,0,11,False,0,0,0,0,0,False,39,0,0,0,0,False
2023-08-05,56,35,0,17,0,False,0,0,0,0,23,False,0,0,0,18,0,False,0,0,0,0,0,False,0,0,0,0,0,False,0,0,36,0,0,False,0,12,0,4,0,False,0,0,0,0,0,False,0,0,13,0,29,False,21,23,0,0,13,False
2023-08-06,25,17,0,0,0,False,0,0,39,28,25,False,0,0,19,20,0,False,0,0,0,0,21,False,0,0,0,0,0,False,0,0,0,0,0,False,0,16,0,0,0,False,9,0,0,0,0,False,0,44,0,0,0,False,0,0,0,0,11,False
2023-08-07,37,17,0,0,0,False,21,33,0,0,22,False,0,17,0,23,0,False,0,0,0,0,0,False,0,0,33,0,0,False,0,0,0,0,0,False,0,21,0,0,0,False,0,0,0,0,0,False,0,26,44,0,19,False,0,0,0,27,0,False
2023-08-08,0,0,0,0,21,False,0,0,0,0,0,False,0,23,30,23,0,False,0,0,0,22,0,False,0,15,0,0,0,False,0,0,0,0,0,False,5,18,0,0,0,False,0,0,0,10,6,False,0,0,23,0,0,False,0,0,0,0,0,False
2023-08-09,17,60,0,0,0,False,0,22,0,43,0,False,0,0,0,0,0,False,23,0,0,0,0,False,10,0,0,0,12,False,0,0,12,0,0,False,0,22,0,0,3,False,0,0,0,0,0,False,0,0,14,0,0,False,34,0,0,0,0,False
2023-08-10,0,0,0,0,0,False,0,0,0,0,31,False,0,0,0,0,0,False,0,0,0,50,0,False,0,0,0,0,0,False,0,12,0,0,0,False,0,18,0,0,0,False,0,0,0,0,10,False,0,0,10,0,0,False,0,0,0,0,0,False
2023-08-11,0,0,41,0,0,False,0,22,0,40,0,False,0,0,0,62,0,False,49,0,0,74,58,False,0,0,0,0,0,False,0,0,40,0,21,False,0,10,0,0,0,False,0,0,0,0,9,False,16,0,0,0,0,False,0,0,0,0,45,False
2023-08-12,0,15,0,0,0,False,0,0,0,0,21,False,0,0,0,17,0,False,0,0,0,0,0,False,0,0,0,0,10,False,0,46,0,0,0,False,0,12,0,0,0,False,0,0,0,5,0,False,0,0,15,0,0,False,0,0,0,0,0,False
2023-08-13,0,18,0,0,20,False,0,0,0,0,18,False,0,0,0,32,0,False,0,0,0,0,24,False,0,0,24,0,0,False,0,0,0,0,33,False,0,16,0,0,0,False,0,6,10,5,0,False,38,20,0,0,0,False,27,0,0,46,0,False
2023-08-14,0,0,0,24,0,False,0,0,0,0,0,False,0,0,0,18,0,False,48,25,0,0,0,False,0,10,0,0,0,False,22,11,12,0,15,False,4,12,0,0,3,False,15,0,0,0,0,False,0,0,20,0,17,False,0,0,0,0,10,False
2023-08-15,0,18,0,0,0,False,0,15,0,0,20,False,0,0,0,26,0,False,24,0,0,55,69,False,0,13,0,0,35,False,19,0,0,0,32,False,0,20,0,0,0,False,0,6,7,10,0,False,0,0,0,0,0,False,0,13,0,19,0,False
2023-08-16,0,62,0,0,43,False,22,0,0,54,26,False,0,0,0,0,0,False,35,0,0,0,0,False,0,0,0,0,0,False,18,0,0,0,0,False,6,16,0,0,0,False,10,0,0,0,0,False,0,0,0,0,0,False,18,0,0,0,0,False
2023-08-17,0,0,0,0,38,False,0,0,0,0,23,False,0,26,0,28,0,False,31,0,0,0,0,False,0,0,0,0,0,False,0,0,0,0,0,False,0,12,0,0,0,False,0,5,0,0,9,False,0,11,18,0,11,False,0,0,0,0,0,False
2023-08-18,0,0,38,0,0,False,0,72,0,28,0,False,0,0,0,0,0,False,0,0,0,0,18,False,0,0,18,0,0,False,0,17,0,0,49,False,0,14,0,10,0,False,0,0,0,0,6,False,0,0,18,0,0,False,31,0,14,0,0,False
2023-08-19,0,0,0,0,0,False,35,28,15,0,0,False,0,0,0,0,29,False,0,0,0,0,0,False,17,0,0,0,0,False,0,15,0,0,0,False,0,10,0,0,6,False,0,0,0,0,15,False,0,0,16,0,0,False,0,0,0,0,0,False
2023-08-20,0,88,0,0,0,False,36,0,0,0,0,False,0,0,23,0,37,False,0,0,0,0,30,False,0,36,0,0,0,False,0,0,0,0,0,False,0,13,0,0,0,False,5,0,0,0,5,False,0,15,0,0,0,False,24,0,33,0,0,False
2023-08-21,0,39,0,0,0,False,13,43,26,0,41,False,0,22,32,0,0,False,30,0,0,0,0,False,0,25,0,39,0,False,0,0,0,0,26,False,0,18,0,0,0,False,4,0,0,0,9,False,0,16,100,0,0,False,0,0,0,0,0,False
2023-08-22,0,24,0,0,0,False,0,27,0,21,0,False,0,0,0,25,29,False,18,0,0,24,32,False,0,0,0,11,23,False,0,0,0,0,0,False,0,13,0,0,0,False,0,0,0,0,0,False,0,0,0,0,0,False,0,0,0,12,0,False
2023-08-23,14,0,0,40,0,False,12,19,0,0,17,False,0,0,50,0,67,False,0,16,0,0,0,False,0,0,0,0,0,False,0,0,0,0,12,False,2,19,0,0,0,False,0,6,4,6,0,False,0,62,0,0,0,False,0,0,0,0,0,False
2023-08-24,0,21,0,0,0,False,0,22,0,52,0,False,0,0,0,41,0,False,17,0,0,0,0,False,0,0,0,13,10,False,0,0,16,21,17,False,0,16,0,0,0,False,0,6,0,4,0,False,10,0,14,0,10,False,0,0,44,0,0,False
2023-08-25,17,33,0,0,0,False,0,0,0,0,0,False,0,0,0,0,0,False,0,0,0,40,0,False,0,0,0,0,0,False,0,0,12,0,0,False,0,7,0,4,0,False,0,0,0,0,0,False,0,0,23,0,0,False,0,24,0,0,0,False
2023-08-26,46,20,22,51,0,False,0,0,0,0,0,False,0,0,0,0,0,False,0,0,0,0,0,False,0,0,0,0,0,False,14,0,21,0,0,False,0,15,0,0,0,False,0,0,0,0,0,False,0,0,26,0,0,False,0,0,0,0,25,False
2023-08-27,0,0,0,66,0,False,0,0,0,0,0,False,0,0,0,26,0,False,0,0,0,0,0,False,14,0,0,0,10,False,0,0,25,0,0,False,0,19,0,0,0,False,0,0,0,0,0,False,0,0,0,0,0,False,21,100,0,14,0,False
2023-08-28,28,0,42,0,25,False,22,15,0,0,0,False,0,0,22,0,0,False,0,0,0,0,0,False,0,18,11,10,0,False,0,0,16,0,0,False,0,15,0,0,0,False,0,0,0,0,0,False,0,35,0,0,15,False,19,0,0,0,12,False
2023-08-29,0,0,41,0,0,False,0,23,0,17,0,False,0,0,0,0,0,False,0,0,0,0,0,False,0,9,0,0,0,False,22,0,0,0,0,False,14,17,0,0,6,False,0,8,5,14,29,False,0,0,0,0,10,False,0,0,0,0,0,False
2023-08-30,18,0,21,0,0,False,0,14,0,18,0,False,0,0,0,23,0,False,0,0,0,0,0,False,0,0,22,0,0,False,0,12,0,12,0,False,0,16,0,0,0,False,0,0,0,0,5,False,0,11,0,0,0,False,0,0,0,0,0,False
2023-08-31,0,0,33,0,0,False,0,0,0,0,0,False,0,0,0,42,0,False,24,0,0,20,0,False,0,0,0,0,0,False,47,23,0,0,0,False,0,20,0,0,0,False,0,0,0,0,8,False,0,0,36,0,16,False,0,0,19,0,0,False
2023-09-01,0,0,18,21,0,False,0,0,0,0,0,False,0,0,0,19,21,False,45,0,0,0,0,False,0,0,0,0,0,False,0,0,0,20,0,False,0,12,0,0,0,False,0,0,0,0,0,False,0,0,38,0,0,False,0,0,0,0,0,False
2023-09-02,0,0,34,0,0,False,0,0,0,0,15,False,0,0,0,39,0,False,0,0,0,0,57,False,0,0,42,0,0,False,0,0,17,0,0,False,0,10,0,0,4,False,0,0,0,7,19,False,0,0,0,0,0,False,0,0,0,0,0,False
2023-09-03,0,25,40,0,0,False,0,0,0,40,0,False,0,0,0,0,0,False,26,0,0,0,0,False,47,10,12,0,0,False,0,0,14,0,0,False,0,18,0,3,0,False,6,0,0,26,0,False,0,0,0,0,0,False,0,0,0,0,0,False
2023-09-04,55,55,0,0,0,False,0,39,0,13,0,False,0,0,0,30,0,False,64,20,0,19,0,False,0,0,0,0,0,False,0,41,13,0,0,False,0,19,0,3,0,False,0,4,0,0,11,False,0,38,22,0,0,False,0,0,0,0,0,False
2023-09-05,0,21,0,19,0,False,0,0,0,0,0,False,0,0,0,20,38,False,0,0,0,58,0,False,0,0,0,0,0,False,0,0,0,17,23,False,0,12,0,0,0,False,4,0,0,0,0,False,0,0,20,0,0,False,0,0,0,0,13,False
2023-09-06,0,0,23,0,0,False,0,0,0,0,0,False,0,0,0,0,0,False,0,0,0,0,0,False,0,0,19,24,0,False,0,0,0,0,0,False,4,21,0,0,0,False,8,4,15,0,0,False,0,0,10,0,0,False,0,0,0,0,0,False
